"","text","favorited","favoriteCount","replyToSN","created","truncated","replyToSID","id","replyToUID","statusSource","screenName","retweetCount","isRetweet","retweeted","longitude","latitude"
"1","RT @nonmindOfficial: Con sus votos pudimos mantener la PARADA No1 del #MetroTOP20 con #SoulMachine de tu @MetroStereo junto a @KarlyCode.…",FALSE,0,NA,2017-07-10 20:25:59,FALSE,NA,"884509025911660544",NA,"<a href=""http://twitter.com/download/iphone"" rel=""nofollow"">Twitter for iPhone</a>","DiegoTite",5,TRUE,FALSE,NA,NA
"2","RT @IncubusBand: South America, we'll be coming to you before you know it, have you gotten your tickets yet?! https://t.co/ftDaxvIoHu",FALSE,0,NA,2017-07-10 20:18:29,FALSE,NA,"884507137518514176",NA,"<a href=""http://twitter.com"" rel=""nofollow"">Twitter Web Client</a>","MetroStereo",105,TRUE,FALSE,NA,NA
"3","RT @MetroStereo: <U+26A1><U+FE0F>Cool Morning<U+26A1><U+FE0F>Arrancamos tu semana con la energía de ""Promises"" by #TheCranberries en tu #Breakfast ft @Teff_Palacios <U+270C><ed><U+00A0><U+00BC><ed><U+00BF><U+00BE>…",FALSE,0,NA,2017-07-10 19:18:23,FALSE,NA,"884492012719878144",NA,"<a href=""http://twitter.com/download/android"" rel=""nofollow"">Twitter for Android</a>","ArgotiPablo",2,TRUE,FALSE,NA,NA
"4","RT @MetroStereo: <U+26A1><U+FE0F>Cool Morning<U+26A1><U+FE0F>Arrancamos tu semana con la energía de ""Promises"" by #TheCranberries en tu #Breakfast ft @Teff_Palacios <U+270C><ed><U+00A0><U+00BC><ed><U+00BF><U+00BE>…",FALSE,0,NA,2017-07-10 15:01:51,FALSE,NA,"884427454588354560",NA,"<a href=""http://twitter.com/download/android"" rel=""nofollow"">Twitter for Android</a>","josue_marin10",2,TRUE,FALSE,NA,NA
"5","<U+26A1><U+FE0F>Cool Morning<U+26A1><U+FE0F>Arrancamos tu semana con la energía de ""Promises"" by #TheCranberries en tu #Breakfast ft… https://t.co/KXsSgiJbgg",FALSE,3,NA,2017-07-10 12:52:25,TRUE,NA,"884394881980002304",NA,"<a href=""http://twitter.com"" rel=""nofollow"">Twitter Web Client</a>","MetroStereo",2,FALSE,FALSE,NA,NA
"6","RT @MetroStereo: Aquí te presento a los nominados del #MetroTOP20 con @KarlyCode! Apoya a tu favorito y participa por el vinilo de @katyper…",FALSE,0,NA,2017-07-09 21:33:26,FALSE,NA,"884163612516003840",NA,"<a href=""https://mobile.twitter.com"" rel=""nofollow"">Mobile Web (M2)</a>","krlangasclfec",3,TRUE,FALSE,NA,NA
"7","RT @nonmindOfficial: Con sus votos pudimos mantener la PARADA No1 del #MetroTOP20 con #SoulMachine de tu @MetroStereo junto a @KarlyCode.…",FALSE,0,NA,2017-07-09 21:31:10,FALSE,NA,"884163042321342464",NA,"<a href=""https://mobile.twitter.com"" rel=""nofollow"">Mobile Web (M2)</a>","krlangasclfec",5,TRUE,FALSE,NA,NA
"8","RT @MetroStereo: <U+26A1><U+FE0F>Cool Morning<U+26A1><U+FE0F>Tu domingo con #RedHotChiliPeppers desde el ""Beavis and Butt-Head Do America"" #Np #Breakfast ft @Teff_Pala…",FALSE,0,NA,2017-07-09 20:24:00,FALSE,NA,"884146135497142272",NA,"<a href=""https://mobile.twitter.com"" rel=""nofollow"">Mobile Web (M2)</a>","krlangasclfec",6,TRUE,FALSE,NA,NA
"9","RT @MetroStereo: Se vienen tus favoritos de la mañana, disfrutas de #LimpBizkit con ""Re-Arranged"" y ""My Generation"" en M2 de tu #Breakfast…",FALSE,0,NA,2017-07-09 20:23:10,FALSE,NA,"884145928915103750",NA,"<a href=""https://mobile.twitter.com"" rel=""nofollow"">Mobile Web (M2)</a>","krlangasclfec",1,TRUE,FALSE,NA,NA
"10","RT @zippydm: Sigan partiéndola que son únicos. #limpbizkit @MetroStereo https://t.co/jPhaQKOpy3",FALSE,0,NA,2017-07-09 20:22:56,FALSE,NA,"884145868701659136",NA,"<a href=""https://mobile.twitter.com"" rel=""nofollow"">Mobile Web (M2)</a>","krlangasclfec",2,TRUE,FALSE,NA,NA
"11","RT @josegabrielmaig: @MetroStereo ......... hola porfa pongan la nueva cancion de los @foofighters  #Run :D...... gracias #LaMetroEsCool",FALSE,0,NA,2017-07-09 20:22:46,FALSE,NA,"884145825340850176",NA,"<a href=""https://mobile.twitter.com"" rel=""nofollow"">Mobile Web (M2)</a>","krlangasclfec",2,TRUE,FALSE,NA,NA
"12","RT @weendolin14: En tu recuerdo quedará... https://t.co/08jy6ZyIHd",FALSE,0,NA,2017-07-09 20:22:06,FALSE,NA,"884145658822893568",NA,"<a href=""https://mobile.twitter.com"" rel=""nofollow"">Mobile Web (M2)</a>","krlangasclfec",4,TRUE,FALSE,NA,NA
"13","RT @MetroStereo: <U+26A1><U+FE0F>Cool Morning<U+26A1><U+FE0F>Tu domingo con #RedHotChiliPeppers desde el ""Beavis and Butt-Head Do America"" #Np #Breakfast ft @Teff_Pala…",FALSE,0,NA,2017-07-09 19:57:14,FALSE,NA,"884139403626590208",NA,"<a href=""http://twitter.com/download/iphone"" rel=""nofollow"">Twitter for iPhone</a>","PPilaquinga",6,TRUE,FALSE,NA,NA
"14","RT @MetroStereo: Se vienen tus favoritos de la mañana, disfrutas de @MADBRAIN con ""Tu Verdad"" y ""Payaso"" en M2 del #Breakfast ft @Teff_Pala…",FALSE,0,NA,2017-07-09 19:13:38,FALSE,NA,"884128428743675904",NA,"<a href=""http://twitter.com/download/android"" rel=""nofollow"">Twitter for Android</a>","Juankmilstef",7,TRUE,FALSE,NA,NA
"15","@Teff_Palacios un gusto escucharte el domingo, una semana excelente para ti, la Familia <U+24C2>etrica.
Nunca nos despegamos de la @MetroStereo <ed><U+00A0><U+00BE><ed><U+00B4><U+0098><ed><U+00A0><U+00BC><ed><U+00BF><U+00BB><U+2728>",FALSE,0,"Teff_Palacios",2017-07-09 18:07:33,FALSE,NA,"884111798823251968","3307366647","<a href=""https://mobile.twitter.com"" rel=""nofollow"">Twitter Lite</a>","PabloArgoti2011",0,FALSE,FALSE,NA,NA
"16","RT @josegabrielmaig: @MetroStereo ......... hola porfa pongan la nueva cancion de los @foofighters  #Run :D...... gracias #LaMetroEsCool",FALSE,0,NA,2017-07-09 17:54:18,FALSE,NA,"884108465349832704",NA,"<a href=""http://twitter.com"" rel=""nofollow"">Twitter Web Client</a>","MetroStereo",2,TRUE,FALSE,NA,NA
"17","@MetroStereo ......... hola porfa pongan la nueva cancion de los @foofighters  #Run :D...... gracias #LaMetroEsCool",FALSE,1,"MetroStereo",2017-07-09 17:53:53,FALSE,NA,"884108357845618690","159342762","<a href=""http://twitter.com"" rel=""nofollow"">Twitter Web Client</a>","josegabrielmaig",2,FALSE,FALSE,NA,NA
"18","Amigos de @MetroStereo nos gustaria escuchar #Attention <ed><U+00A0><U+00BC><ed><U+00BE><U+00B6> de @charlieputh <ed><U+00A0><U+00BD><ed><U+00B2><U+009A>",FALSE,1,NA,2017-07-09 16:44:39,FALSE,NA,"884090937315602433",NA,"<a href=""http://twitter.com/download/android"" rel=""nofollow"">Twitter for Android</a>","PuthTroopECU",0,FALSE,FALSE,NA,NA
"19","RT @zippydm: Sigan partiéndola que son únicos. #limpbizkit @MetroStereo https://t.co/jPhaQKOpy3",FALSE,0,NA,2017-07-09 16:43:28,FALSE,NA,"884090638202961920",NA,"<a href=""http://twitter.com"" rel=""nofollow"">Twitter Web Client</a>","MetroStereo",2,TRUE,FALSE,NA,NA
"20","Sigan partiéndola que son únicos. #limpbizkit @MetroStereo https://t.co/jPhaQKOpy3",FALSE,1,NA,2017-07-09 16:40:08,FALSE,NA,"884089800814473217",NA,"<a href=""http://twitter.com/download/iphone"" rel=""nofollow"">Twitter for iPhone</a>","zippydm",2,FALSE,FALSE,NA,NA
"21","Se vienen tus favoritos de la mañana, disfrutas de #LimpBizkit con ""Re-Arranged"" y ""My Generation"" en M2 de tu… https://t.co/kxV2WgyHQx",FALSE,4,NA,2017-07-09 16:31:38,TRUE,NA,"884087660687618048",NA,"<a href=""http://twitter.com"" rel=""nofollow"">Twitter Web Client</a>","MetroStereo",1,FALSE,FALSE,NA,NA
"22","RT @MetroStereo: <U+26A1><U+FE0F>Cool Morning<U+26A1><U+FE0F>Tu domingo con #RedHotChiliPeppers desde el ""Beavis and Butt-Head Do America"" #Np #Breakfast ft @Teff_Pala…",FALSE,0,NA,2017-07-09 15:45:44,FALSE,NA,"884076110518116354",NA,"<a href=""http://twitter.com/download/android"" rel=""nofollow"">Twitter for Android</a>","franciscopsr",6,TRUE,FALSE,NA,NA
"23","RT @nonmindOfficial: Con sus votos pudimos mantener la PARADA No1 del #MetroTOP20 con #SoulMachine de tu @MetroStereo junto a @KarlyCode.…",FALSE,0,NA,2017-07-09 15:33:03,FALSE,NA,"884072916186533888",NA,"<a href=""http://twitter.com/download/android"" rel=""nofollow"">Twitter for Android</a>","SantyKjas",5,TRUE,FALSE,NA,NA
"24","Llega tu momento de votar en el Vs <ed><U+00A0><U+00BE><ed><U+00B4><U+009C><ed><U+00A0><U+00BC><ed><U+00BF><U+00BE><ed><U+00A0><U+00BE><ed><U+00B4><U+009B><ed><U+00A0><U+00BC><ed><U+00BF><U+00BE> de tu #Breakfast ft @Teff_Palacios, por @limpbizkit o @royalblooduk para un M2 con actitud!!!",FALSE,0,NA,2017-07-09 15:22:12,FALSE,NA,"884070188467060737",NA,"<a href=""http://twitter.com"" rel=""nofollow"">Twitter Web Client</a>","MetroStereo",1,FALSE,FALSE,NA,NA
"25","<U+26A1><U+FE0F>Cool Morning<U+26A1><U+FE0F>Tu domingo con #RedHotChiliPeppers desde el ""Beavis and Butt-Head Do America"" #Np #Breakfast ft… https://t.co/yxxyTBRkC2",FALSE,14,NA,2017-07-09 15:15:16,TRUE,NA,"884068441434591233",NA,"<a href=""http://twitter.com"" rel=""nofollow"">Twitter Web Client</a>","MetroStereo",6,FALSE,FALSE,NA,NA
"26","@KarlyCode @MetroStereo Premios premios saludos amigis",FALSE,2,"KarlyCode",2017-07-09 15:05:17,FALSE,"883683816430325760","884065930921357313","211427327","<a href=""http://twitter.com/download/android"" rel=""nofollow"">Twitter for Android</a>","VictorGabrielj",0,FALSE,FALSE,NA,NA
"27","Gracias por escuchar El Vagón Alternativo @vagonalt  hoy noche. Terminando con Soft Cell. Hasta el próximo sábado!",FALSE,4,NA,2017-07-09 03:12:28,FALSE,NA,"883886542133104640",NA,"<a href=""http://twitter.com"" rel=""nofollow"">Twitter Web Client</a>","MetroStereo",1,FALSE,FALSE,NA,NA
"28","Hice especiales de Echo &amp; Bunnymen, Morrissey, The Stranglers, Yazoo, The Psych Furs y Primal Scream. Cual fue tu favorita en @vagonalt",FALSE,2,NA,2017-07-09 03:10:39,FALSE,NA,"883886086895828992",NA,"<a href=""http://twitter.com"" rel=""nofollow"">Twitter Web Client</a>","MetroStereo",1,FALSE,FALSE,NA,NA
"29","@MetroStereo @vagonalt Excelente!",FALSE,0,"MetroStereo",2017-07-09 02:00:09,FALSE,"883844762985521152","883868344721567744","159342762","<a href=""http://twitter.com/download/android"" rel=""nofollow"">Twitter for Android</a>","gaboel10",0,FALSE,FALSE,NA,NA
"30","RT @nonmindOfficial: Con sus votos pudimos mantener la PARADA No1 del #MetroTOP20 con #SoulMachine de tu @MetroStereo junto a @KarlyCode.…",FALSE,0,NA,2017-07-09 01:28:01,FALSE,NA,"883860259269480448",NA,"<a href=""http://twitter.com/download/iphone"" rel=""nofollow"">Twitter for iPhone</a>","KarlyCode",5,TRUE,FALSE,NA,NA
"31","Que tal lo están pasando en El Vagón Alternativo @vagonalt ?",FALSE,1,NA,2017-07-09 00:26:27,FALSE,NA,"883844762985521152",NA,"<a href=""http://twitter.com"" rel=""nofollow"">Twitter Web Client</a>","MetroStereo",1,FALSE,FALSE,NA,NA
"32","Bienvenid@s a otra edición de El Vagón Alternativo conmigo Edwin Poveda @vagonalt. Empezando con Stereolab!",FALSE,2,NA,2017-07-08 23:08:52,FALSE,NA,"883825241478352896",NA,"<a href=""http://twitter.com"" rel=""nofollow"">Twitter Web Client</a>","MetroStereo",1,FALSE,FALSE,NA,NA
"33","<U+2604><U+FE0F> https://t.co/PGmrnjdeHN",FALSE,2,NA,2017-07-08 17:41:17,FALSE,NA,"883742799975395328",NA,"<a href=""http://twitter.com/download/iphone"" rel=""nofollow"">Twitter for iPhone</a>","CometaSucre",0,FALSE,FALSE,NA,NA
"34","Felicidades a @nonmindOfficial <ed><U+00A0><U+00BE><ed><U+00B4><U+0098><ed><U+00A0><U+00BC><ed><U+00BF><U+00BB><ed><U+00A0><U+00BE><ed><U+00B4><U+0098><ed><U+00A0><U+00BC><ed><U+00BF><U+00BB> https://t.co/IRxP9nNMP1",FALSE,2,NA,2017-07-08 16:21:21,FALSE,NA,"883722685641052161",NA,"<a href=""http://twitter.com/download/iphone"" rel=""nofollow"">Twitter for iPhone</a>","JapoBandrock",0,FALSE,FALSE,NA,NA
"35","@MetroStereo @royalblooduk @SeetherOfficial @nonmindOfficial Lights out está buenísima",FALSE,1,"MetroStereo",2017-07-08 16:10:16,FALSE,"883719645068500994","883719896407744513","159342762","<a href=""http://twitter.com/download/android"" rel=""nofollow"">Twitter for Android</a>","josue_marin10",0,FALSE,FALSE,NA,NA
"36","RT @nonmindOfficial: Con sus votos pudimos mantener la PARADA No1 del #MetroTOP20 con #SoulMachine de tu @MetroStereo junto a @KarlyCode.…",FALSE,0,NA,2017-07-08 16:09:22,FALSE,NA,"883719670259494915",NA,"<a href=""http://twitter.com"" rel=""nofollow"">Twitter Web Client</a>","MetroStereo",5,TRUE,FALSE,NA,NA
"37",". #MetroTOP20<ed><U+00A0><U+00BD><ed><U+00B2><U+00BD>
Parada N°3 @royalblooduk ""Lights Out""
Parada N°2 @SeetherOfficial ""Let You Down""
Parada N°1 @nonmindOfficial ""Soul Machine""",FALSE,1,NA,2017-07-08 16:09:16,FALSE,NA,"883719645068500994",NA,"<a href=""http://twitter.com"" rel=""nofollow"">Twitter Web Client</a>","MetroStereo",4,FALSE,FALSE,NA,NA
"38","Con sus votos pudimos mantener la PARADA No1 del #MetroTOP20 con #SoulMachine de tu @MetroStereo junto a @KarlyCode… https://t.co/oU7GG0SqrV",FALSE,4,NA,2017-07-08 16:00:17,TRUE,NA,"883717382639898624",NA,"<a href=""http://twitter.com"" rel=""nofollow"">Twitter Web Client</a>","nonmindOfficial",5,FALSE,FALSE,NA,NA
"39","El tema recomendado de hoy en el #MetroTOP20 es ""Peatón"" de @CometaSucre Dale Play <U+25B6><U+FE0F>https://t.co/5NIG44xBYD",FALSE,0,NA,2017-07-08 15:45:22,FALSE,NA,"883713630696611841",NA,"<a href=""http://twitter.com"" rel=""nofollow"">Twitter Web Client</a>","MetroStereo",1,FALSE,FALSE,NA,NA
"40","Hoy con tu apoyo vamos a mantener la PARADA No1 del #MetroTOP20 con SOUL MACHINE de tu @MetroStereo… https://t.co/oE8wIE0Hya",FALSE,1,NA,2017-07-08 14:55:35,TRUE,NA,"883701100435656705",NA,"<a href=""http://twitter.com"" rel=""nofollow"">Twitter Web Client</a>","nonmindOfficial",1,FALSE,FALSE,NA,NA
"41","RT @MetroStereo: Aquí te presento a los nominados del #MetroTOP20 con @KarlyCode! Apoya a tu favorito y participa por el vinilo de @katyper…",FALSE,0,NA,2017-07-08 14:54:05,FALSE,NA,"883700722008813571",NA,"<a href=""http://twitter.com"" rel=""nofollow"">Twitter Web Client</a>","nonmindOfficial",3,TRUE,FALSE,NA,NA
"42","RT @MetroStereo: Aquí te presento a los nominados del #MetroTOP20 con @KarlyCode! Apoya a tu favorito y participa por el vinilo de @katyper…",FALSE,0,NA,2017-07-08 14:52:06,FALSE,NA,"883700224631427072",NA,"<a href=""http://twitter.com/download/iphone"" rel=""nofollow"">Twitter for iPhone</a>","KarlyCode",3,TRUE,FALSE,NA,NA
"43","Aquí te presento a los nominados del #MetroTOP20 con @KarlyCode! Apoya a tu favorito y participa por el vinilo de… https://t.co/IT9zWFeCaM",FALSE,4,NA,2017-07-08 14:46:04,TRUE,NA,"883698706607951875",NA,"<a href=""http://twitter.com/download/iphone"" rel=""nofollow"">Twitter for iPhone</a>","MetroStereo",3,FALSE,FALSE,NA,NA
"44","Empezó el #MetroTOP20 junto a @KarlyCode! Hoy te regalo el Vinilo de @katyperry con su tema ""Chained to the Rhythm""… https://t.co/tQRb65F1SA",FALSE,3,NA,2017-07-08 14:22:40,TRUE,NA,"883692817129910273",NA,"<a href=""http://twitter.com"" rel=""nofollow"">Twitter Web Client</a>","MetroStereo",0,FALSE,FALSE,NA,NA
"45","RT @KarlyCode: Listos para el #MetroTOP20? Conéctate conmigo a las 9h00 HOY HAY PREMIO Y GRANDES SORPRESAS! <ed><U+00A0><U+00BC><ed><U+00BE><U+0089><ed><U+00A0><U+00BD><ed><U+00B2><U+0095><ed><U+00A0><U+00BC><ed><U+00BE><U+0089> @MetroStereo <ed><U+00A0><U+00BE><ed><U+00B4><U+0098><ed><U+00A0><U+00BC><ed><U+00BF><U+00BB> https://t.c…",FALSE,0,NA,2017-07-08 14:09:18,FALSE,NA,"883689452773810176",NA,"<a href=""http://twitter.com"" rel=""nofollow"">Twitter Web Client</a>","MetroStereo",1,TRUE,FALSE,NA,NA
"46","Listos para el #MetroTOP20? Conéctate conmigo a las 9h00 HOY HAY PREMIO Y GRANDES SORPRESAS! <ed><U+00A0><U+00BC><ed><U+00BE><U+0089><ed><U+00A0><U+00BD><ed><U+00B2><U+0095><ed><U+00A0><U+00BC><ed><U+00BE><U+0089> @MetroStereo <ed><U+00A0><U+00BE><ed><U+00B4><U+0098><ed><U+00A0><U+00BC><ed><U+00BF><U+00BB> https://t.co/dC07fiIn21",FALSE,9,NA,2017-07-08 13:46:54,FALSE,NA,"883683816430325760",NA,"<a href=""http://twitter.com/download/iphone"" rel=""nofollow"">Twitter for iPhone</a>","KarlyCode",1,FALSE,FALSE,NA,NA
"47","RT @secap_ec: Karla Sánchez es locutora en radio @MetroStereo, ella aplicó a la certificación en el sector comunicación #CertificamosTuExpe…",FALSE,0,NA,2017-07-08 04:07:30,FALSE,NA,"883538004844974080",NA,"<a href=""http://twitter.com/download/android"" rel=""nofollow"">Twitter for Android</a>","AlfredoChanguno",22,TRUE,FALSE,NA,NA
"48","#Meteora <ed><U+00A0><U+00BE><ed><U+00B4><U+0098> https://t.co/4fBV9w2xtH",FALSE,0,NA,2017-07-08 03:59:26,FALSE,NA,"883535973526769664",NA,"<a href=""http://twitter.com/download/android"" rel=""nofollow"">Twitter for Android</a>","willyespq",0,FALSE,FALSE,NA,NA
"49","@MetroStereo pueden poner #DevuélvemeElCorazón de @SebastianYatra por favor @SebastianYatraE @GomiTwiin @andradedirak cc @UniversalMusicE",FALSE,0,"MetroStereo",2017-07-07 23:52:05,FALSE,NA,"883473725873676288","159342762","<a href=""https://mobile.twitter.com"" rel=""nofollow"">Twitter Lite</a>","Majo_Balarezo8",0,FALSE,FALSE,NA,NA
"50","RT @secap_ec: Karla Sánchez es locutora en radio @MetroStereo, ella aplicó a la certificación en el sector comunicación #CertificamosTuExpe…",FALSE,0,NA,2017-07-07 21:34:17,FALSE,NA,"883439048215453696",NA,"<a href=""http://twitter.com/download/android"" rel=""nofollow"">Twitter for Android</a>","Erazodiomedes",22,TRUE,FALSE,NA,NA
"51","RT @RockShoutFest: Y tú ¿a cuál localidad vas a ir?
!Una cita con el rock imperdible! Entradas @Ticketshow Medios oficiales @MetroStereo @e…",FALSE,0,NA,2017-07-07 21:02:57,FALSE,NA,"883431164064796673",NA,"<a href=""http://twitter.com"" rel=""nofollow"">Twitter Web Client</a>","nelzaoh",1,TRUE,FALSE,NA,NA
"52","Y tú ¿a cuál localidad vas a ir?
!Una cita con el rock imperdible! Entradas @Ticketshow Medios oficiales… https://t.co/L9NDblZad3",FALSE,3,NA,2017-07-07 21:00:29,TRUE,NA,"883430544700321792",NA,"<a href=""http://www.hootsuite.com"" rel=""nofollow"">Hootsuite</a>","RockShoutFest",1,FALSE,FALSE,NA,NA
"53","RT @MetroStereo: Hey! Al fin #ViernesConActitud junto a @KarlyCode through the #RouteofMusic con la dosis musical perfecta para este inicio…",FALSE,0,NA,2017-07-07 20:04:09,FALSE,NA,"883416368242200577",NA,"<a href=""http://twitter.com"" rel=""nofollow"">Twitter Web Client</a>","clbeltran08bsc",4,TRUE,FALSE,NA,NA
"54","RT @MetroStereo: Hey! #JuevesConActitud junto a @KarlyCOde through the #RouteofMusic juntos hasta las 15!<U+25B6><U+FE0F> @macklemore ""Thrift Shop"" https…",FALSE,0,NA,2017-07-07 20:03:50,FALSE,NA,"883416286801391621",NA,"<a href=""http://twitter.com"" rel=""nofollow"">Twitter Web Client</a>","clbeltran08bsc",2,TRUE,FALSE,NA,NA
"55","RT @MetroStereo: Cómo no recordar uno de nuestros discos favoritos<ed><U+00A0><U+00BE><ed><U+00B4><U+0098><ed><U+00A0><U+00BC><ed><U+00BF><U+00BE><ed><U+00A0><U+00BD><ed><U+00B2><U+00BD>. Parte del ""Meteora"" by @linkinpark para tu jueves en el #Breakfast f…",FALSE,0,NA,2017-07-07 20:03:46,FALSE,NA,"883416270384836609",NA,"<a href=""http://twitter.com"" rel=""nofollow"">Twitter Web Client</a>","clbeltran08bsc",3,TRUE,FALSE,NA,NA
"56","RT @MetroStereo: Se vienen tus favoritos de la mañana, disfrutas de @MADBRAIN con ""Tu Verdad"" y ""Payaso"" en M2 del #Breakfast ft @Teff_Pala…",FALSE,0,NA,2017-07-07 20:03:31,FALSE,NA,"883416205800984577",NA,"<a href=""http://twitter.com"" rel=""nofollow"">Twitter Web Client</a>","clbeltran08bsc",7,TRUE,FALSE,NA,NA
"57","RT @javoec: Sonaba @biornborg esta mañana por la @MetroStereo + @Teff_Palacios <U+263A>
Buen jueves.",FALSE,0,NA,2017-07-07 20:03:26,FALSE,NA,"883416186804994049",NA,"<a href=""http://twitter.com"" rel=""nofollow"">Twitter Web Client</a>","clbeltran08bsc",2,TRUE,FALSE,NA,NA
"58","RT @MetroStereo: <U+26A1><U+FE0F>Cool Morning<U+26A1><U+FE0F> La voz de Crispin Earl junto a #TheVeerUnion te da la bienvenida a este jueves de #Breakfast ft @Teff_Pal…",FALSE,0,NA,2017-07-07 20:03:12,FALSE,NA,"883416126952222720",NA,"<a href=""http://twitter.com"" rel=""nofollow"">Twitter Web Client</a>","clbeltran08bsc",1,TRUE,FALSE,NA,NA
"59","RT @MetroStereo: Hey! Al fin #ViernesConActitud junto a @KarlyCode through the #RouteofMusic con la dosis musical perfecta para este inicio…",FALSE,0,NA,2017-07-07 19:21:23,FALSE,NA,"883405602872897538",NA,"<a href=""http://twitter.com/download/android"" rel=""nofollow"">Twitter for Android</a>","mariu240580",4,TRUE,FALSE,NA,NA
"60","RT @ArgotiPablo: Q placer escucharte @karlycode y q espectacular trabajar con la buena música de la <ed><U+00A0><U+00BD><ed><U+00B3><U+00BB> radio con actitud @MetroStereo https:…",FALSE,0,NA,2017-07-07 19:15:15,FALSE,NA,"883404062397390850",NA,"<a href=""http://twitter.com/download/android"" rel=""nofollow"">Twitter for Android</a>","paedu_MB",4,TRUE,FALSE,NA,NA
"61","RT @MetroStereo: Hey! Al fin #ViernesConActitud junto a @KarlyCode through the #RouteofMusic con la dosis musical perfecta para este inicio…",FALSE,0,NA,2017-07-07 19:11:56,FALSE,NA,"883403225834979328",NA,"<a href=""http://twitter.com/download/android"" rel=""nofollow"">Twitter for Android</a>","paedu_MB",4,TRUE,FALSE,NA,NA
"62","RT @MetroStereo: Hey! Al fin #ViernesConActitud junto a @KarlyCode through the #RouteofMusic con la dosis musical perfecta para este inicio…",FALSE,0,NA,2017-07-07 18:56:52,FALSE,NA,"883399435685777409",NA,"<a href=""http://twitter.com/download/iphone"" rel=""nofollow"">Twitter for iPhone</a>","KarlyCode",4,TRUE,FALSE,NA,NA
"63","Hey! Al fin #ViernesConActitud junto a @KarlyCode through the #RouteofMusic con la dosis musical perfecta para este… https://t.co/U9ZPp0cVok",FALSE,4,NA,2017-07-07 18:53:06,TRUE,NA,"883398487441719298",NA,"<a href=""http://twitter.com"" rel=""nofollow"">Twitter Web Client</a>","MetroStereo",4,FALSE,FALSE,NA,NA
"64","RT @secap_ec: Karla Sánchez es locutora en radio @MetroStereo, ella aplicó a la certificación en el sector comunicación #CertificamosTuExpe…",FALSE,0,NA,2017-07-07 18:36:17,FALSE,NA,"883394253467951105",NA,"<a href=""http://twitter.com/download/iphone"" rel=""nofollow"">Twitter for iPhone</a>","CentroDemAzuay",22,TRUE,FALSE,NA,NA
"65","RT @MetroStereo: Se vienen tus favoritos de la mañana, disfrutas de @MADBRAIN con ""Tu Verdad"" y ""Payaso"" en M2 del #Breakfast ft @Teff_Pala…",FALSE,0,NA,2017-07-07 17:18:49,FALSE,NA,"883374757579718656",NA,"<a href=""http://twitter.com"" rel=""nofollow"">Twitter Web Client</a>","victjunior",7,TRUE,FALSE,NA,NA
"66","#BuenViernes en #SinAntidoto con @DiegoTite #NP @KidRock con ""Cowboy"" https://t.co/pOilcVTC3X https://t.co/590P7xppND",FALSE,1,NA,2017-07-07 16:49:29,FALSE,NA,"883367377177595908",NA,"<a href=""http://twitter.com"" rel=""nofollow"">Twitter Web Client</a>","MetroStereo",2,FALSE,FALSE,NA,NA
"67","RT @MetroStereo: Se vienen tus favoritos de la mañana, disfrutas de @MADBRAIN con ""Tu Verdad"" y ""Payaso"" en M2 del #Breakfast ft @Teff_Pala…",FALSE,0,NA,2017-07-07 03:01:34,FALSE,NA,"883159022962188288",NA,"<a href=""http://twitter.com"" rel=""nofollow"">Twitter Web Client</a>","MariaMarie1981",7,TRUE,FALSE,NA,NA
"68","Aquí los detalles <U+27A4> https://t.co/tLFqb27P1B",FALSE,2,NA,2017-07-07 00:06:59,FALSE,NA,"883115090739949568",NA,"<a href=""http://twitter.com"" rel=""nofollow"">Twitter Web Client</a>","MetroStereo",1,FALSE,FALSE,NA,NA
"69","@MetroStereo pueden poner #DevuélvemeElCorazón de @SebastianYatra por favor @SebastianYatraE @GomiTwiin @andradedirak cc @UniversalMusicE",FALSE,1,"MetroStereo",2017-07-06 23:16:22,FALSE,NA,"883102352789708800","159342762","<a href=""https://mobile.twitter.com"" rel=""nofollow"">Twitter Lite</a>","Majo_Balarezo8",0,FALSE,FALSE,NA,NA
"70","En el último bloque del #RouteofMusic junto a @KarlyCode escuchamos a THE PSYCHOKILLER con su cover  ""MANIAC"" <ed><U+00A0><U+00BD><ed><U+00B8><U+008E>... https://t.co/sziRpswi1s",FALSE,0,NA,2017-07-06 19:55:09,FALSE,NA,"883051714680672257",NA,"<a href=""http://www.facebook.com/twitter"" rel=""nofollow"">Facebook</a>","MetroStereo",3,FALSE,FALSE,NA,NA
"71","RT @MetroStereo: Hey! #JuevesConActitud junto a @KarlyCOde through the #RouteofMusic juntos hasta las 15!<U+25B6><U+FE0F> @macklemore ""Thrift Shop"" https…",FALSE,0,NA,2017-07-06 19:25:08,FALSE,NA,"883044158029615104",NA,"<a href=""http://twitter.com/download/iphone"" rel=""nofollow"">Twitter for iPhone</a>","KarlyCode",2,TRUE,FALSE,NA,NA
"72","Hey! #JuevesConActitud junto a @KarlyCOde through the #RouteofMusic juntos hasta las 15!<U+25B6><U+FE0F> @macklemore ""Thrift Shop… https://t.co/nuIm93wmZA",FALSE,0,NA,2017-07-06 19:21:38,TRUE,NA,"883043277955489792",NA,"<a href=""http://twitter.com"" rel=""nofollow"">Twitter Web Client</a>","MetroStereo",2,FALSE,FALSE,NA,NA
"73","RT @MetroStereo: Cómo no recordar uno de nuestros discos favoritos<ed><U+00A0><U+00BE><ed><U+00B4><U+0098><ed><U+00A0><U+00BC><ed><U+00BF><U+00BE><ed><U+00A0><U+00BD><ed><U+00B2><U+00BD>. Parte del ""Meteora"" by @linkinpark para tu jueves en el #Breakfast f…",FALSE,0,NA,2017-07-06 14:13:30,FALSE,NA,"882965733499711489",NA,"<a href=""http://twitter.com"" rel=""nofollow"">Twitter Web Client</a>","Yoyo2408",3,TRUE,FALSE,NA,NA
"74","RT @MetroStereo: Cómo no recordar uno de nuestros discos favoritos<ed><U+00A0><U+00BE><ed><U+00B4><U+0098><ed><U+00A0><U+00BC><ed><U+00BF><U+00BE><ed><U+00A0><U+00BD><ed><U+00B2><U+00BD>. Parte del ""Meteora"" by @linkinpark para tu jueves en el #Breakfast f…",FALSE,0,NA,2017-07-06 14:10:31,FALSE,NA,"882964982174015488",NA,"<a href=""http://twitter.com"" rel=""nofollow"">Twitter Web Client</a>","aacarrer",3,TRUE,FALSE,NA,NA
"75","@MetroStereo @linkinpark @Teff_Palacios ñeeee",FALSE,0,"MetroStereo",2017-07-06 13:55:39,FALSE,"882960380414369793","882961243878895616","159342762","<a href=""http://twitter.com/download/android"" rel=""nofollow"">Twitter for Android</a>","juanblancocz",0,FALSE,FALSE,NA,NA
"76","Cómo no recordar uno de nuestros discos favoritos<ed><U+00A0><U+00BE><ed><U+00B4><U+0098><ed><U+00A0><U+00BC><ed><U+00BF><U+00BE><ed><U+00A0><U+00BD><ed><U+00B2><U+00BD>. Parte del ""Meteora"" by @linkinpark para tu jueves en el… https://t.co/C0FneTRtWU",FALSE,9,NA,2017-07-06 13:52:13,TRUE,NA,"882960380414369793",NA,"<a href=""http://twitter.com"" rel=""nofollow"">Twitter Web Client</a>","MetroStereo",3,FALSE,FALSE,NA,NA
"77","RT @weendolin14: En tu recuerdo quedará... https://t.co/08jy6ZyIHd",FALSE,0,NA,2017-07-06 13:14:39,FALSE,NA,"882950924280451073",NA,"<a href=""http://twitter.com/download/android"" rel=""nofollow"">Twitter for Android</a>","ArgotiPablo",4,TRUE,FALSE,NA,NA
"78","RT @MetroStereo: Se vienen tus favoritos de la mañana, disfrutas de @MADBRAIN con ""Tu Verdad"" y ""Payaso"" en M2 del #Breakfast ft @Teff_Pala…",FALSE,0,NA,2017-07-06 12:57:23,FALSE,NA,"882946580780863488",NA,"<a href=""http://twitter.com"" rel=""nofollow"">Twitter Web Client</a>","Danyel_dx",7,TRUE,FALSE,NA,NA
"79","RT @weendolin14: En tu recuerdo quedará... https://t.co/08jy6ZyIHd",FALSE,0,NA,2017-07-06 12:55:46,FALSE,NA,"882946170527657984",NA,"<a href=""http://twitter.com"" rel=""nofollow"">Twitter Web Client</a>","MetroStereo",4,TRUE,FALSE,NA,NA
"80","RT @MetroStereo: Se vienen tus favoritos de la mañana, disfrutas de @MADBRAIN con ""Tu Verdad"" y ""Payaso"" en M2 del #Breakfast ft @Teff_Pala…",FALSE,0,NA,2017-07-06 12:51:06,FALSE,NA,"882944998353842176",NA,"<a href=""http://twitter.com/download/iphone"" rel=""nofollow"">Twitter for iPhone</a>","MADBRAIN",7,TRUE,FALSE,NA,NA
"81","En tu recuerdo quedará... https://t.co/08jy6ZyIHd",FALSE,3,NA,2017-07-06 12:50:48,FALSE,NA,"882944922923532288",NA,"<a href=""http://twitter.com/download/android"" rel=""nofollow"">Twitter for Android</a>","weendolin14",4,FALSE,FALSE,NA,NA
"82","RT @MetroStereo: Se vienen tus favoritos de la mañana, disfrutas de @MADBRAIN con ""Tu Verdad"" y ""Payaso"" en M2 del #Breakfast ft @Teff_Pala…",FALSE,0,NA,2017-07-06 12:48:30,FALSE,NA,"882944343946002433",NA,"<a href=""http://twitter.com/download/android"" rel=""nofollow"">Twitter for Android</a>","ArgotiPablo",7,TRUE,FALSE,NA,NA
"83","Se vienen tus favoritos de la mañana, disfrutas de @MADBRAIN con ""Tu Verdad"" y ""Payaso"" en M2 del #Breakfast ft… https://t.co/vjcnyXgFgZ",FALSE,13,NA,2017-07-06 12:47:09,TRUE,NA,"882944002781261825",NA,"<a href=""http://twitter.com"" rel=""nofollow"">Twitter Web Client</a>","MetroStereo",7,FALSE,FALSE,NA,NA
"84","RT @javoec: Sonaba @biornborg esta mañana por la @MetroStereo + @Teff_Palacios <U+263A>
Buen jueves.",FALSE,0,NA,2017-07-06 12:31:24,FALSE,NA,"882940039105318912",NA,"<a href=""http://twitter.com"" rel=""nofollow"">Twitter Web Client</a>","MetroStereo",2,TRUE,FALSE,NA,NA
"85","Sonaba @biornborg esta mañana por la @MetroStereo + @Teff_Palacios <U+263A>
Buen jueves.",FALSE,3,NA,2017-07-06 12:25:58,FALSE,NA,"882938671720280064",NA,"<a href=""http://twitter.com/download/android"" rel=""nofollow"">Twitter for Android</a>","javoec",2,FALSE,FALSE,NA,NA
"86","Llega tu momento de votar en el Vs <ed><U+00A0><U+00BE><ed><U+00B4><U+009C><ed><U+00A0><U+00BC><ed><U+00BF><U+00BE><ed><U+00A0><U+00BE><ed><U+00B4><U+009B><ed><U+00A0><U+00BC><ed><U+00BF><U+00BE> de #SonidosTricolor<ed><U+00A0><U+00BC><ed><U+00B7><U+00AA><ed><U+00A0><U+00BC><ed><U+00B7><U+00A8> x @MADBRAIN o @kmkzband para un M2 en tu #Breakfast ft @Teff_Palacios",FALSE,3,NA,2017-07-06 11:41:35,FALSE,NA,"882927503752527872",NA,"<a href=""http://twitter.com"" rel=""nofollow"">Twitter Web Client</a>","MetroStereo",3,FALSE,FALSE,NA,NA
"87","<U+26A1><U+FE0F>Cool Morning<U+26A1><U+FE0F> La voz de Crispin Earl junto a #TheVeerUnion te da la bienvenida a este jueves de #Breakfast ft… https://t.co/c23zTXkcWs",FALSE,4,NA,2017-07-06 11:35:02,TRUE,NA,"882925854547947520",NA,"<a href=""http://twitter.com"" rel=""nofollow"">Twitter Web Client</a>","MetroStereo",1,FALSE,FALSE,NA,NA
"88","RT @claudiomartino: Encuesta #MetroStereo:
¿Cual es tu década musical favorita?
Cc @majogm",FALSE,0,NA,2017-07-06 01:58:30,FALSE,NA,"882780765091770370",NA,"<a href=""http://twitter.com/download/android"" rel=""nofollow"">Twitter for Android</a>","Eslaeconomia1",48,TRUE,FALSE,NA,NA
"89","RT @claudiomartino: Encuesta #MetroStereo:
¿Cual es tu década musical favorita?
Cc @majogm",FALSE,0,NA,2017-07-06 01:44:38,FALSE,NA,"882777274365476864",NA,"<a href=""http://twitter.com/#!/download/ipad"" rel=""nofollow"">Twitter for iPad</a>","tperezcelis",48,TRUE,FALSE,NA,NA
"90","RT @claudiomartino: Encuesta #MetroStereo:
¿Cual es tu década musical favorita?
Cc @majogm",FALSE,0,NA,2017-07-06 00:58:37,FALSE,NA,"882765694919745536",NA,"<a href=""http://twitter.com/download/android"" rel=""nofollow"">Twitter for Android</a>","lulymartinez304",48,TRUE,FALSE,NA,NA
"91","RT @claudiomartino: Encuesta #MetroStereo:
¿Cual es tu década musical favorita?
Cc @majogm",FALSE,0,NA,2017-07-06 00:52:41,FALSE,NA,"882764202359828480",NA,"<a href=""http://twitter.com/download/iphone"" rel=""nofollow"">Twitter for iPhone</a>","soy_Chuchu",48,TRUE,FALSE,NA,NA
"92","RT @claudiomartino: Encuesta #MetroStereo:
¿Cual es tu década musical favorita?
Cc @majogm",FALSE,0,NA,2017-07-06 00:50:10,FALSE,NA,"882763569057730560",NA,"<a href=""http://twitter.com/download/android"" rel=""nofollow"">Twitter for Android</a>","zeballosbea",48,TRUE,FALSE,NA,NA
"93","RT @claudiomartino: Encuesta #MetroStereo:
¿Cual es tu década musical favorita?
Cc @majogm",FALSE,0,NA,2017-07-06 00:40:58,FALSE,NA,"882761252136681472",NA,"<a href=""http://twitter.com/download/android"" rel=""nofollow"">Twitter for Android</a>","daniel_oscuro",48,TRUE,FALSE,NA,NA
"94","RT @claudiomartino: Encuesta #MetroStereo:
¿Cual es tu década musical favorita?
Cc @majogm",FALSE,0,NA,2017-07-06 00:19:54,FALSE,NA,"882755951375396864",NA,"<a href=""http://twitter.com/download/android"" rel=""nofollow"">Twitter for Android</a>","claudiomartino",48,TRUE,FALSE,NA,NA
"95","20 aniooosss <ed><U+00A0><U+00BD><ed><U+00B8><U+00A2><ed><U+00A0><U+00BD><ed><U+00B8><U+00A2><ed><U+00A0><U+00BD><ed><U+00B8><U+00AD><ed><U+00A0><U+00BD><ed><U+00B8><U+00AD><ed><U+00A0><U+00BD><ed><U+00B8><U+00AD> https://t.co/B46hRc6cQd",FALSE,0,NA,2017-07-05 23:41:55,FALSE,NA,"882746391809982465",NA,"<a href=""http://twitter.com/download/android"" rel=""nofollow"">Twitter for Android</a>","mariu240580",0,FALSE,FALSE,NA,NA
"96","RT @angel_mrch: @MetroStereo  Buenas tardes @DiegoTite sugerencia para el bloque #noaptoparaoidosdebiles seria suicide silence you only liv…",FALSE,0,NA,2017-07-05 23:37:37,FALSE,NA,"882745313013968897",NA,"<a href=""http://twitter.com"" rel=""nofollow"">Twitter Web Client</a>","clbeltran08bsc",3,TRUE,FALSE,NA,NA
"97","RT @javoec: Despertando con @JapoBandrock  y La Mansión del Terror por la @MetroStereo y @Teff_Palacios. Buen miercoles. https://t.co/q3m8b…",FALSE,0,NA,2017-07-05 23:24:48,FALSE,NA,"882742087657148417",NA,"<a href=""http://twitter.com/download/iphone"" rel=""nofollow"">Twitter for iPhone</a>","JapoBandrock",3,TRUE,FALSE,NA,NA
"98","Todos los detalles aquí <ed><U+00A0><U+00BE><ed><U+00B4><U+0098> <U+27A4> https://t.co/y0Am5gstOp",FALSE,6,NA,2017-07-05 23:23:10,FALSE,NA,"882741673993932800",NA,"<a href=""http://twitter.com"" rel=""nofollow"">Twitter Web Client</a>","MetroStereo",5,FALSE,FALSE,NA,NA
"99","@MetroStereo pueden poner #DevuelvemeElCorazon @SebastianYatra por favor @GomiTwiin @andradedirak @Vivi_CaroLuna @YatraEc @SebastianYatraE",FALSE,0,"MetroStereo",2017-07-05 22:04:33,FALSE,NA,"882721889306718212","159342762","<a href=""http://twitter.com/download/android"" rel=""nofollow"">Twitter for Android</a>","vickimartillo_",0,FALSE,FALSE,NA,NA
"100","RT @angel_mrch: @MetroStereo  Buenas tardes @DiegoTite sugerencia para el bloque #noaptoparaoidosdebiles seria suicide silence you only liv…",FALSE,0,NA,2017-07-05 21:24:00,FALSE,NA,"882711684653232129",NA,"<a href=""http://twitter.com"" rel=""nofollow"">Twitter Web Client</a>","MetroStereo",3,TRUE,FALSE,NA,NA
"101","RT @angel_mrch: @MetroStereo  Buenas tardes @DiegoTite sugerencia para el bloque #noaptoparaoidosdebiles seria suicide silence you only liv…",FALSE,0,NA,2017-07-05 21:17:37,FALSE,NA,"882710079618908161",NA,"<a href=""http://twitter.com/download/iphone"" rel=""nofollow"">Twitter for iPhone</a>","DiegoTite",3,TRUE,FALSE,NA,NA
"102","@MetroStereo  Buenas tardes @DiegoTite sugerencia para el bloque #noaptoparaoidosdebiles seria suicide silence you… https://t.co/e1KMEODh5x",FALSE,3,"MetroStereo",2017-07-05 20:25:01,TRUE,NA,"882696841736925184","159342762","<a href=""http://twitter.com/download/android"" rel=""nofollow"">Twitter for Android</a>","angel_mrch",3,FALSE,FALSE,NA,NA
"103","RT @claudiomartino: Encuesta #MetroStereo:
¿Cual es tu década musical favorita?
Cc @majogm",FALSE,0,NA,2017-07-05 20:14:27,FALSE,NA,"882694183361937412",NA,"<a href=""http://twitter.com/download/iphone"" rel=""nofollow"">Twitter for iPhone</a>","amaliaminetto",48,TRUE,FALSE,NA,NA
"104","RT @claudiomartino: Encuesta #MetroStereo:
¿Cual es tu década musical favorita?
Cc @majogm",FALSE,0,NA,2017-07-05 19:45:23,FALSE,NA,"882686869984731136",NA,"<a href=""http://twitter.com/download/android"" rel=""nofollow"">Twitter for Android</a>","Marcela43613681",48,TRUE,FALSE,NA,NA
"105","RT @claudiomartino: Encuesta #MetroStereo:
¿Cual es tu década musical favorita?
Cc @majogm",FALSE,0,NA,2017-07-05 19:40:18,FALSE,NA,"882685588461293568",NA,"<a href=""http://twitter.com/download/android"" rel=""nofollow"">Twitter for Android</a>","huinismith",48,TRUE,FALSE,NA,NA
"106","RT @claudiomartino: Encuesta #MetroStereo:
¿Cual es tu década musical favorita?
Cc @majogm",FALSE,0,NA,2017-07-05 19:26:46,FALSE,NA,"882682184032800768",NA,"<a href=""https://about.twitter.com/products/tweetdeck"" rel=""nofollow"">TweetDeck</a>","PNLArg",48,TRUE,FALSE,NA,NA
"107","RT @claudiomartino: Encuesta #MetroStereo:
¿Cual es tu década musical favorita?
Cc @majogm",FALSE,0,NA,2017-07-05 19:23:45,FALSE,NA,"882681424247226368",NA,"<a href=""http://twitter.com/download/android"" rel=""nofollow"">Twitter for Android</a>","Mockbarg",48,TRUE,FALSE,NA,NA
"108","RT @secap_ec: Karla Sánchez es locutora en radio @MetroStereo, ella aplicó a la certificación en el sector comunicación #CertificamosTuExpe…",FALSE,0,NA,2017-07-05 18:38:24,FALSE,NA,"882670010514247681",NA,"<a href=""http://twitter.com/download/android"" rel=""nofollow"">Twitter for Android</a>","95cb700d539b4c8",22,TRUE,FALSE,NA,NA
"109","RT @javoec: Despertando con @JapoBandrock  y La Mansión del Terror por la @MetroStereo y @Teff_Palacios. Buen miercoles. https://t.co/q3m8b…",FALSE,0,NA,2017-07-05 18:37:23,FALSE,NA,"882669754678476803",NA,"<a href=""http://twitter.com"" rel=""nofollow"">Twitter Web Client</a>","clbeltran08bsc",3,TRUE,FALSE,NA,NA
"110","RT @ArgotiPablo: Q placer escucharte @karlycode y q espectacular trabajar con la buena música de la <ed><U+00A0><U+00BD><ed><U+00B3><U+00BB> radio con actitud @MetroStereo https:…",FALSE,0,NA,2017-07-05 18:37:02,FALSE,NA,"882669668238069760",NA,"<a href=""http://twitter.com"" rel=""nofollow"">Twitter Web Client</a>","clbeltran08bsc",4,TRUE,FALSE,NA,NA
"111","RT @poultjoanett: Miércoles de clásicos!
@MetroStereo @DiegoTite 

Fin del comunicado",FALSE,0,NA,2017-07-05 18:36:17,FALSE,NA,"882669476285730816",NA,"<a href=""http://twitter.com"" rel=""nofollow"">Twitter Web Client</a>","clbeltran08bsc",2,TRUE,FALSE,NA,NA
"112","@ArgotiPablo @MetroStereo Gracias Pablito <ed><U+00A0><U+00BC><ed><U+00BE><U+0089><ed><U+00A0><U+00BD><ed><U+00B9><U+008F><ed><U+00A0><U+00BC><ed><U+00BF><U+00BB>",FALSE,1,"ArgotiPablo",2017-07-05 18:22:50,FALSE,"882664409058947072","882666092853899266","958613983","<a href=""http://twitter.com/download/iphone"" rel=""nofollow"">Twitter for iPhone</a>","KarlyCode",0,FALSE,FALSE,NA,NA
"113","RT @ArgotiPablo: Q placer escucharte @karlycode y q espectacular trabajar con la buena música de la <ed><U+00A0><U+00BD><ed><U+00B3><U+00BB> radio con actitud @MetroStereo https:…",FALSE,0,NA,2017-07-05 18:22:40,FALSE,NA,"882666053054189573",NA,"<a href=""http://twitter.com/download/iphone"" rel=""nofollow"">Twitter for iPhone</a>","KarlyCode",4,TRUE,FALSE,NA,NA
"114","RT @ArgotiPablo: Q placer escucharte @karlycode y q espectacular trabajar con la buena música de la <ed><U+00A0><U+00BD><ed><U+00B3><U+00BB> radio con actitud @MetroStereo https:…",FALSE,0,NA,2017-07-05 18:21:34,FALSE,NA,"882665775814905856",NA,"<a href=""http://twitter.com"" rel=""nofollow"">Twitter Web Client</a>","MetroStereo",4,TRUE,FALSE,NA,NA
"115","Q placer escucharte @karlycode y q espectacular trabajar con la buena música de la <ed><U+00A0><U+00BD><ed><U+00B3><U+00BB> radio con actitud @MetroStereo https://t.co/fBu3RucTCy",FALSE,7,NA,2017-07-05 18:16:08,FALSE,NA,"882664409058947072",NA,"<a href=""http://twitter.com/download/android"" rel=""nofollow"">Twitter for Android</a>","ArgotiPablo",4,FALSE,FALSE,NA,NA
"116","RT @poultjoanett: Miércoles de clásicos!
@MetroStereo @DiegoTite 

Fin del comunicado",FALSE,0,NA,2017-07-05 16:48:33,FALSE,NA,"882642367798554625",NA,"<a href=""http://twitter.com"" rel=""nofollow"">Twitter Web Client</a>","MetroStereo",2,TRUE,FALSE,NA,NA
"117","RT @claudiomartino: Encuesta #MetroStereo:
¿Cual es tu década musical favorita?
Cc @majogm",FALSE,0,NA,2017-07-05 15:28:23,FALSE,NA,"882622192458113026",NA,"<a href=""http://twitter.com/download/iphone"" rel=""nofollow"">Twitter for iPhone</a>","gusabarbieri",48,TRUE,FALSE,NA,NA
"118","RT @claudiomartino: Encuesta #MetroStereo:
¿Cual es tu década musical favorita?
Cc @majogm",FALSE,0,NA,2017-07-05 15:22:19,FALSE,NA,"882620663709794304",NA,"<a href=""http://twitter.com/download/android"" rel=""nofollow"">Twitter for Android</a>","SanJuanyBoedo_",48,TRUE,FALSE,NA,NA
"119","Miércoles de clásicos!
@MetroStereo @DiegoTite 

Fin del comunicado",FALSE,2,NA,2017-07-05 15:13:42,FALSE,NA,"882618497947381761",NA,"<a href=""http://twitter.com/download/android"" rel=""nofollow"">Twitter for Android</a>","poultjoanett",2,FALSE,FALSE,NA,NA
"120","RT @claudiomartino: Encuesta #MetroStereo:
¿Cual es tu década musical favorita?
Cc @majogm",FALSE,0,NA,2017-07-05 14:52:58,FALSE,NA,"882613280296112129",NA,"<a href=""http://twitter.com/download/android"" rel=""nofollow"">Twitter for Android</a>","Vivitade50",48,TRUE,FALSE,NA,NA
"121","@Teff_Palacios @MetroStereo Excelente nota!! Cuanta falta hace que esté con nosotros Kurt!! Está entre nosotros! Saludos Teff!",FALSE,1,"Teff_Palacios",2017-07-05 14:51:38,FALSE,"882407905068281856","882612943698919426","3307366647","<a href=""http://twitter.com/download/android"" rel=""nofollow"">Twitter for Android</a>","ChristhianLDUQ",0,FALSE,FALSE,NA,NA
"122","RT @claudiomartino: Encuesta #MetroStereo:
¿Cual es tu década musical favorita?
Cc @majogm",FALSE,0,NA,2017-07-05 14:50:02,FALSE,NA,"882612539309383680",NA,"<a href=""http://twitter.com"" rel=""nofollow"">Twitter Web Client</a>","AleGomezFabio",48,TRUE,FALSE,NA,NA
"123","@Teff_Palacios @MetroStereo De nada Teff <ed><U+00A0><U+00BD><ed><U+00B8><U+008A>",FALSE,0,NA,2017-07-05 14:45:25,FALSE,NA,"882611379705970689",NA,"<a href=""http://twitter.com/download/iphone"" rel=""nofollow"">Twitter for iPhone</a>","FanoMaggotLDU",0,FALSE,FALSE,NA,NA
"124","@Teff_Palacios @JapoBandrock @MetroStereo A veces ando mega atareado y salgo volando, pero si me despierto siempre… https://t.co/Ek1j9xJPlY",FALSE,0,NA,2017-07-05 14:31:07,TRUE,NA,"882607781341212672",NA,"<a href=""http://twitter.com/download/android"" rel=""nofollow"">Twitter for Android</a>","javoec",0,FALSE,FALSE,NA,NA
"125","RT @KarlyCode: @secap_ec @MetroStereo @PatricioCamino @MinTrabajoEc @raulclementelh @CordicomEc @pauli_mogrovejo @TamaraMerizalde Muchas gr…",FALSE,0,NA,2017-07-05 14:29:43,FALSE,NA,"882607426826096640",NA,"<a href=""http://twitter.com/#!/download/ipad"" rel=""nofollow"">Twitter for iPad</a>","TamaraMerizalde",1,TRUE,FALSE,NA,NA
"126","@FanoMaggotLDU @MetroStereo Gracias por leerla <ed><U+00A0><U+00BD><ed><U+00B6><U+00A4>",FALSE,1,"FanoMaggotLDU",2017-07-05 14:28:58,FALSE,"882414530499948544","882607236987662336","283181384","<a href=""http://twitter.com/download/iphone"" rel=""nofollow"">Twitter for iPhone</a>","Teff_Palacios",0,FALSE,FALSE,NA,NA
"127","@javoec @JapoBandrock @MetroStereo Uno para ti mi Xavi, no te pierdas jaja",FALSE,1,"javoec",2017-07-05 14:28:45,FALSE,"882571920658575362","882607185406111745","18222903","<a href=""http://twitter.com/download/iphone"" rel=""nofollow"">Twitter for iPhone</a>","Teff_Palacios",0,FALSE,FALSE,NA,NA
"128","RT @Teff_Palacios: Los invito a leer lo que escribí esta semana sobre Kurt para @MetroStereo <ed><U+00A0><U+00BE><ed><U+00B4><U+0098><ed><U+00A0><U+00BC><ed><U+00BF><U+00BE><ed><U+00A0><U+00BC><ed><U+00BE><U+00A8><ed><U+00A0><U+00BC><ed><U+00BE><U+00B6><ed><U+00A0><U+00BD><ed><U+00B9><U+0082>https://t.co/Qy6HmwOlrQ",FALSE,0,NA,2017-07-05 14:18:13,FALSE,NA,"882604531833606144",NA,"<a href=""http://twitter.com"" rel=""nofollow"">Twitter Web Client</a>","patotoledod",9,TRUE,FALSE,NA,NA
"129","Lamentamos esta pérdida irreparable. Un abrazo a toda la banda y sus seguidores. Nos queda su música para recordarl… https://t.co/n4vdnRdmvT",FALSE,0,NA,2017-07-05 14:00:27,TRUE,NA,"882600062345465856",NA,"<a href=""http://twitter.com"" rel=""nofollow"">Twitter Web Client</a>","MetroStereo",5,FALSE,FALSE,NA,NA
"130","RT @Teff_Palacios: Los invito a leer lo que escribí esta semana sobre Kurt para @MetroStereo <ed><U+00A0><U+00BE><ed><U+00B4><U+0098><ed><U+00A0><U+00BC><ed><U+00BF><U+00BE><ed><U+00A0><U+00BC><ed><U+00BE><U+00A8><ed><U+00A0><U+00BC><ed><U+00BE><U+00B6><ed><U+00A0><U+00BD><ed><U+00B9><U+0082>https://t.co/Qy6HmwOlrQ",FALSE,0,NA,2017-07-05 13:52:06,FALSE,NA,"882597962127376384",NA,"<a href=""http://twitter.com/download/android"" rel=""nofollow"">Twitter for Android</a>","aortega_d92",9,TRUE,FALSE,NA,NA
"131","RT @secap_ec: Karla Sánchez es locutora en radio @MetroStereo, ella aplicó a la certificación en el sector comunicación #CertificamosTuExpe…",FALSE,0,NA,2017-07-05 13:28:37,FALSE,NA,"882592049480048641",NA,"<a href=""http://twitter.com/download/android"" rel=""nofollow"">Twitter for Android</a>","LenTatiana",22,TRUE,FALSE,NA,NA
"132","RT @secap_ec: Karla Sánchez es locutora en radio @MetroStereo, ella aplicó a la certificación en el sector comunicación #CertificamosTuExpe…",FALSE,0,NA,2017-07-05 13:07:53,FALSE,NA,"882586832990593028",NA,"<a href=""http://twitter.com/download/android"" rel=""nofollow"">Twitter for Android</a>","GianeAguilarA",22,TRUE,FALSE,NA,NA
"133","RT @claudiomartino: Encuesta #MetroStereo:
¿Cual es tu década musical favorita?
Cc @majogm",FALSE,0,NA,2017-07-05 13:01:17,FALSE,NA,"882585170901168128",NA,"<a href=""https://about.twitter.com/products/tweetdeck"" rel=""nofollow"">TweetDeck</a>","cecirai",48,TRUE,FALSE,NA,NA
"134","RT @javoec: Despertando con @JapoBandrock  y La Mansión del Terror por la @MetroStereo y @Teff_Palacios. Buen miercoles. https://t.co/q3m8b…",FALSE,0,NA,2017-07-05 12:13:11,FALSE,NA,"882573068564140032",NA,"<a href=""http://twitter.com"" rel=""nofollow"">Twitter Web Client</a>","MetroStereo",3,TRUE,FALSE,NA,NA
"135","Despertando con @JapoBandrock  y La Mansión del Terror por la @MetroStereo y @Teff_Palacios. Buen miercoles. https://t.co/q3m8bewFOK",FALSE,2,NA,2017-07-05 12:08:37,FALSE,NA,"882571920658575362",NA,"<a href=""http://twitter.com/download/android"" rel=""nofollow"">Twitter for Android</a>","javoec",3,FALSE,FALSE,NA,NA
"136","RT @claudiomartino: Encuesta #MetroStereo:
¿Cual es tu década musical favorita?
Cc @majogm",FALSE,0,NA,2017-07-05 11:51:28,FALSE,NA,"882567601905336321",NA,"<a href=""http://twitter.com/#!/download/ipad"" rel=""nofollow"">Twitter for iPad</a>","telerinonline",48,TRUE,FALSE,NA,NA
"137","RT @claudiomartino: Encuesta #MetroStereo:
¿Cual es tu década musical favorita?
Cc @majogm",FALSE,0,NA,2017-07-05 11:40:42,FALSE,NA,"882564891403575296",NA,"<a href=""http://twitter.com/download/iphone"" rel=""nofollow"">Twitter for iPhone</a>","hnadelmedio",48,TRUE,FALSE,NA,NA
"138","RT @secap_ec: Karla Sánchez es locutora en radio @MetroStereo, ella aplicó a la certificación en el sector comunicación #CertificamosTuExpe…",FALSE,0,NA,2017-07-05 11:39:07,FALSE,NA,"882564496706895873",NA,"<a href=""http://twitter.com/download/iphone"" rel=""nofollow"">Twitter for iPhone</a>","danedupb",22,TRUE,FALSE,NA,NA
"139","Llega tu momento de votar en el Vs <ed><U+00A0><U+00BE><ed><U+00B4><U+009C><ed><U+00A0><U+00BC><ed><U+00BF><U+00BE><ed><U+00A0><U+00BE><ed><U+00B4><U+009B><ed><U+00A0><U+00BC><ed><U+00BF><U+00BE> de #SonidosTricolor<ed><U+00A0><U+00BC><ed><U+00B7><U+00AA><ed><U+00A0><U+00BC><ed><U+00B7><U+00A8> x @MUNDOSbanda o @La_Sien para un M2 en tu #Breakfast ft @Teff_Palacios",FALSE,1,NA,2017-07-05 11:26:39,FALSE,NA,"882561355496267777",NA,"<a href=""http://twitter.com"" rel=""nofollow"">Twitter Web Client</a>","MetroStereo",2,FALSE,FALSE,NA,NA
"140","RT @claudiomartino: Encuesta #MetroStereo:
¿Cual es tu década musical favorita?
Cc @majogm",FALSE,0,NA,2017-07-05 11:24:00,FALSE,NA,"882560690812223488",NA,"<a href=""http://twitter.com/download/iphone"" rel=""nofollow"">Twitter for iPhone</a>","subterfugia",48,TRUE,FALSE,NA,NA
"141","<U+26A1><U+FE0F>Cool Morning<U+26A1><U+FE0F> A mitad de tu semana, #Np @Audioslave en el #Breakfast ft @Teff_Palacios <ed><U+00A0><U+00BE><ed><U+00B4><U+0098><ed><U+00A0><U+00BC><ed><U+00BF><U+00BE><ed><U+00A0><U+00BD><ed><U+00B8><U+008E> #GoodVibes https://t.co/YA6iCtH9q1",FALSE,0,NA,2017-07-05 11:16:04,FALSE,NA,"882558693954420736",NA,"<a href=""http://twitter.com"" rel=""nofollow"">Twitter Web Client</a>","MetroStereo",1,FALSE,FALSE,NA,NA
"142","RT @claudiomartino: Encuesta #MetroStereo:
¿Cual es tu década musical favorita?
Cc @majogm",FALSE,0,NA,2017-07-05 11:01:27,FALSE,NA,"882555015747055616",NA,"<a href=""http://twitter.com/download/iphone"" rel=""nofollow"">Twitter for iPhone</a>","Montgomery1945",48,TRUE,FALSE,NA,NA
"143","RT @claudiomartino: Encuesta #MetroStereo:
¿Cual es tu década musical favorita?
Cc @majogm",FALSE,0,NA,2017-07-05 10:11:24,FALSE,NA,"882542421518712832",NA,"<a href=""http://twitter.com/#!/download/ipad"" rel=""nofollow"">Twitter for iPad</a>","MimiGirlBA",48,TRUE,FALSE,NA,NA
"144","RT @claudiomartino: Encuesta #MetroStereo:
¿Cual es tu década musical favorita?
Cc @majogm",FALSE,0,NA,2017-07-05 04:19:59,FALSE,NA,"882453983369068544",NA,"<a href=""http://twitter.com/download/android"" rel=""nofollow"">Twitter for Android</a>","SofiLaMonica",48,TRUE,FALSE,NA,NA
"145","RT @secap_ec: Karla Sánchez es locutora en radio @MetroStereo, ella aplicó a la certificación en el sector comunicación #CertificamosTuExpe…",FALSE,0,NA,2017-07-05 04:06:36,FALSE,NA,"882450617205174273",NA,"<a href=""http://twitter.com/download/android"" rel=""nofollow"">Twitter for Android</a>","Mario_Ecuador",22,TRUE,FALSE,NA,NA
"146","RT @Teff_Palacios: Los invito a leer lo que escribí esta semana sobre Kurt para @MetroStereo <ed><U+00A0><U+00BE><ed><U+00B4><U+0098><ed><U+00A0><U+00BC><ed><U+00BF><U+00BE><ed><U+00A0><U+00BC><ed><U+00BE><U+00A8><ed><U+00A0><U+00BC><ed><U+00BE><U+00B6><ed><U+00A0><U+00BD><ed><U+00B9><U+0082>https://t.co/Qy6HmwOlrQ",FALSE,0,NA,2017-07-05 03:59:21,FALSE,NA,"882448791340797952",NA,"<a href=""http://twitter.com/download/android"" rel=""nofollow"">Twitter for Android</a>","MROSEROC",9,TRUE,FALSE,NA,NA
"147","RT @Teff_Palacios: Los invito a leer lo que escribí esta semana sobre Kurt para @MetroStereo <ed><U+00A0><U+00BE><ed><U+00B4><U+0098><ed><U+00A0><U+00BC><ed><U+00BF><U+00BE><ed><U+00A0><U+00BC><ed><U+00BE><U+00A8><ed><U+00A0><U+00BC><ed><U+00BE><U+00B6><ed><U+00A0><U+00BD><ed><U+00B9><U+0082>https://t.co/Qy6HmwOlrQ",FALSE,0,NA,2017-07-05 03:34:39,FALSE,NA,"882442574170030084",NA,"<a href=""http://twitter.com/download/android"" rel=""nofollow"">Twitter for Android</a>","ArgotiPablo",9,TRUE,FALSE,NA,NA
"148","RT @Teff_Palacios: Los invito a leer lo que escribí esta semana sobre Kurt para @MetroStereo <ed><U+00A0><U+00BE><ed><U+00B4><U+0098><ed><U+00A0><U+00BC><ed><U+00BF><U+00BE><ed><U+00A0><U+00BC><ed><U+00BE><U+00A8><ed><U+00A0><U+00BC><ed><U+00BE><U+00B6><ed><U+00A0><U+00BD><ed><U+00B9><U+0082>https://t.co/Qy6HmwOlrQ",FALSE,0,NA,2017-07-05 03:15:27,FALSE,NA,"882437745033043969",NA,"<a href=""http://twitter.com/#!/download/ipad"" rel=""nofollow"">Twitter for iPad</a>","Reno17",9,TRUE,FALSE,NA,NA
"149","RT @claudiomartino: Encuesta #MetroStereo:
¿Cual es tu década musical favorita?
Cc @majogm",FALSE,0,NA,2017-07-05 03:10:30,FALSE,NA,"882436499328954369",NA,"<a href=""http://twitter.com/download/android"" rel=""nofollow"">Twitter for Android</a>","coloesquivel",48,TRUE,FALSE,NA,NA
"150","RT @claudiomartino: Encuesta #MetroStereo:
¿Cual es tu década musical favorita?
Cc @majogm",FALSE,0,NA,2017-07-05 02:53:54,FALSE,NA,"882432320258674688",NA,"<a href=""http://twitter.com/download/iphone"" rel=""nofollow"">Twitter for iPhone</a>","macply",48,TRUE,FALSE,NA,NA
"151","RT @claudiomartino: Encuesta #MetroStereo:
¿Cual es tu década musical favorita?
Cc @majogm",FALSE,0,NA,2017-07-05 02:53:24,FALSE,NA,"882432195549376512",NA,"<a href=""http://twitter.com/download/android"" rel=""nofollow"">Twitter for Android</a>","ContreraMonica",48,TRUE,FALSE,NA,NA
"152","RT @claudiomartino: Encuesta #MetroStereo:
¿Cual es tu década musical favorita?
Cc @majogm",FALSE,0,NA,2017-07-05 02:48:04,FALSE,NA,"882430851132399620",NA,"<a href=""http://twitter.com/download/android"" rel=""nofollow"">Twitter for Android</a>","mpaglilla",48,TRUE,FALSE,NA,NA
"153","RT @claudiomartino: Encuesta #MetroStereo:
¿Cual es tu década musical favorita?
Cc @majogm",FALSE,0,NA,2017-07-05 02:45:27,FALSE,NA,"882430192001712128",NA,"<a href=""http://twitter.com/download/android"" rel=""nofollow"">Twitter for Android</a>","AscencioVela",48,TRUE,FALSE,NA,NA
"154","RT @claudiomartino: Encuesta #MetroStereo:
¿Cual es tu década musical favorita?
Cc @majogm",FALSE,0,NA,2017-07-05 02:42:44,FALSE,NA,"882429510448291841",NA,"<a href=""http://twitter.com/download/iphone"" rel=""nofollow"">Twitter for iPhone</a>","0Oreno",48,TRUE,FALSE,NA,NA
"155","RT @claudiomartino: Encuesta #MetroStereo:
¿Cual es tu década musical favorita?
Cc @majogm",FALSE,0,NA,2017-07-05 02:40:43,FALSE,NA,"882429002136399872",NA,"<a href=""http://twitter.com/#!/download/ipad"" rel=""nofollow"">Twitter for iPad</a>","mlgross1971",48,TRUE,FALSE,NA,NA
"156","@MetroStereo hola metro porfa podrias poner nothing else matters de metallica exelente programación 
Gracias!!!",FALSE,0,"MetroStereo",2017-07-05 02:38:43,FALSE,NA,"882428497985232896","159342762","<a href=""http://twitter.com/download/android"" rel=""nofollow"">Twitter for Android</a>","Jhonnyrock5",0,FALSE,FALSE,NA,NA
"157","RT @claudiomartino: Encuesta #MetroStereo:
¿Cual es tu década musical favorita?
Cc @majogm",FALSE,0,NA,2017-07-05 02:38:27,FALSE,NA,"882428430939246593",NA,"<a href=""http://twitter.com/download/iphone"" rel=""nofollow"">Twitter for iPhone</a>","martu_63",48,TRUE,FALSE,NA,NA
"158","RT @claudiomartino: Encuesta #MetroStereo:
¿Cual es tu década musical favorita?
Cc @majogm",FALSE,0,NA,2017-07-05 02:36:56,FALSE,NA,"882428049110839296",NA,"<a href=""http://twitter.com"" rel=""nofollow"">Twitter Web Client</a>","CosmeFuIanit0",48,TRUE,FALSE,NA,NA
"159","RT @claudiomartino: Encuesta #MetroStereo:
¿Cual es tu década musical favorita?
Cc @majogm",FALSE,0,NA,2017-07-05 02:35:16,FALSE,NA,"882427630762459136",NA,"<a href=""http://twitter.com/download/android"" rel=""nofollow"">Twitter for Android</a>","veroboro74",48,TRUE,FALSE,NA,NA
"160","RT @claudiomartino: Encuesta #MetroStereo:
¿Cual es tu década musical favorita?
Cc @majogm",FALSE,0,NA,2017-07-05 02:35:09,FALSE,NA,"882427601658277888",NA,"<a href=""https://about.twitter.com/products/tweetdeck"" rel=""nofollow"">TweetDeck</a>","marcechaves",48,TRUE,FALSE,NA,NA
"161","RT @claudiomartino: Encuesta #MetroStereo:
¿Cual es tu década musical favorita?
Cc @majogm",FALSE,0,NA,2017-07-05 02:34:22,FALSE,NA,"882427403255115776",NA,"<a href=""http://twitter.com/download/android"" rel=""nofollow"">Twitter for Android</a>","petitand",48,TRUE,FALSE,NA,NA
"162","RT @claudiomartino: Encuesta #MetroStereo:
¿Cual es tu década musical favorita?
Cc @majogm",FALSE,0,NA,2017-07-05 02:32:20,FALSE,NA,"882426894196637696",NA,"<a href=""http://twitter.com/download/iphone"" rel=""nofollow"">Twitter for iPhone</a>","Rikimza",48,TRUE,FALSE,NA,NA
"163","RT @claudiomartino: Encuesta #MetroStereo:
¿Cual es tu década musical favorita?
Cc @majogm",FALSE,0,NA,2017-07-05 02:30:18,FALSE,NA,"882426382227312641",NA,"<a href=""http://twitter.com/download/android"" rel=""nofollow"">Twitter for Android</a>","kala72lol",48,TRUE,FALSE,NA,NA
"164","RT @claudiomartino: Encuesta #MetroStereo:
¿Cual es tu década musical favorita?
Cc @majogm",FALSE,0,NA,2017-07-05 02:27:50,FALSE,NA,"882425760174272512",NA,"<a href=""http://twitter.com/download/android"" rel=""nofollow"">Twitter for Android</a>","Angis_22",48,TRUE,FALSE,NA,NA
"165","RT @claudiomartino: Encuesta #MetroStereo:
¿Cual es tu década musical favorita?
Cc @majogm",FALSE,0,NA,2017-07-05 02:25:39,FALSE,NA,"882425209663442944",NA,"<a href=""http://twitter.com/download/android"" rel=""nofollow"">Twitter for Android</a>","claridearce",48,TRUE,FALSE,NA,NA
"166","RT @claudiomartino: Encuesta #MetroStereo:
¿Cual es tu década musical favorita?
Cc @majogm",FALSE,0,NA,2017-07-05 02:23:27,FALSE,NA,"882424657542082568",NA,"<a href=""http://twitter.com/download/android"" rel=""nofollow"">Twitter for Android</a>","ShaktiPower",48,TRUE,FALSE,NA,NA
"167","RT @claudiomartino: Encuesta #MetroStereo:
¿Cual es tu década musical favorita?
Cc @majogm",FALSE,0,NA,2017-07-05 02:21:31,FALSE,NA,"882424170952445953",NA,"<a href=""http://twitter.com/download/android"" rel=""nofollow"">Twitter for Android</a>","DonNiemand",48,TRUE,FALSE,NA,NA
"168","RT @claudiomartino: Encuesta #MetroStereo:
¿Cual es tu década musical favorita?
Cc @majogm",FALSE,0,NA,2017-07-05 02:20:13,FALSE,NA,"882423843176013824",NA,"<a href=""http://twitter.com/download/android"" rel=""nofollow"">Twitter for Android</a>","faimi1963",48,TRUE,FALSE,NA,NA
"169","RT @claudiomartino: Encuesta #MetroStereo:
¿Cual es tu década musical favorita?
Cc @majogm",FALSE,0,NA,2017-07-05 02:19:06,FALSE,NA,"882423563176861696",NA,"<a href=""http://twitter.com/download/iphone"" rel=""nofollow"">Twitter for iPhone</a>","marilaucanz",48,TRUE,FALSE,NA,NA
"170","RT @claudiomartino: Encuesta #MetroStereo:
¿Cual es tu década musical favorita?
Cc @majogm",FALSE,0,NA,2017-07-05 02:19:05,FALSE,NA,"882423556449210368",NA,"<a href=""http://twitter.com/download/android"" rel=""nofollow"">Twitter for Android</a>","IndianaGAF",48,TRUE,FALSE,NA,NA
"171","""imagino como la presencia del arte hacía de su mundo un lugar más soportable"" https://t.co/ILTTlrDDIn",FALSE,1,NA,2017-07-05 02:17:21,FALSE,NA,"882423121755680769",NA,"<a href=""http://twitter.com/download/android"" rel=""nofollow"">Twitter for Android</a>","gaboel10",0,FALSE,FALSE,NA,NA
"172","RT @claudiomartino: Encuesta #MetroStereo:
¿Cual es tu década musical favorita?
Cc @majogm",FALSE,0,NA,2017-07-05 02:16:59,FALSE,NA,"882423028692520960",NA,"<a href=""http://twitter.com/download/android"" rel=""nofollow"">Twitter for Android</a>","josanagasta1",48,TRUE,FALSE,NA,NA
"173","@MetroStereo <ed><U+00A0><U+00BD><ed><U+00B1><U+008F><ed><U+00A0><U+00BC><ed><U+00BF><U+00BB><ed><U+00A0><U+00BD><ed><U+00B1><U+008F><ed><U+00A0><U+00BC><ed><U+00BF><U+00BB><ed><U+00A0><U+00BD><ed><U+00B1><U+008F><ed><U+00A0><U+00BC><ed><U+00BF><U+00BB>",FALSE,1,"MetroStereo",2017-07-05 02:16:56,FALSE,"882387036778450944","882423018227728388","159342762","<a href=""http://twitter.com/download/android"" rel=""nofollow"">Twitter for Android</a>","gaboel10",0,FALSE,FALSE,NA,NA
"174","RT @claudiomartino: Encuesta #MetroStereo:
¿Cual es tu década musical favorita?
Cc @majogm",FALSE,0,NA,2017-07-05 02:16:09,FALSE,NA,"882422819681968132",NA,"<a href=""http://twitter.com/download/iphone"" rel=""nofollow"">Twitter for iPhone</a>","Clarilacro",48,TRUE,FALSE,NA,NA
"175","RT @claudiomartino: Encuesta #MetroStereo:
¿Cual es tu década musical favorita?
Cc @majogm",FALSE,0,NA,2017-07-05 02:15:47,FALSE,NA,"882422728917221377",NA,"<a href=""http://twitter.com/download/iphone"" rel=""nofollow"">Twitter for iPhone</a>","Coragalt",48,TRUE,FALSE,NA,NA
"176","Encuesta #MetroStereo:
¿Cual es tu década musical favorita?
Cc @majogm",FALSE,17,NA,2017-07-05 02:14:27,FALSE,NA,"882422393683279872",NA,"<a href=""http://twitter.com/download/android"" rel=""nofollow"">Twitter for Android</a>","claudiomartino",48,FALSE,FALSE,NA,NA
"177","@Teff_Palacios @MetroStereo Muy buena te quedó la nota Teff",FALSE,2,"Teff_Palacios",2017-07-05 01:43:13,FALSE,"882407905068281856","882414530499948544","3307366647","<a href=""http://twitter.com/download/iphone"" rel=""nofollow"">Twitter for iPhone</a>","FanoMaggotLDU",0,FALSE,FALSE,NA,NA
"178","RT @Teff_Palacios: Los invito a leer lo que escribí esta semana sobre Kurt para @MetroStereo <ed><U+00A0><U+00BE><ed><U+00B4><U+0098><ed><U+00A0><U+00BC><ed><U+00BF><U+00BE><ed><U+00A0><U+00BC><ed><U+00BE><U+00A8><ed><U+00A0><U+00BC><ed><U+00BE><U+00B6><ed><U+00A0><U+00BD><ed><U+00B9><U+0082>https://t.co/Qy6HmwOlrQ",FALSE,0,NA,2017-07-05 01:37:03,FALSE,NA,"882412979458899968",NA,"<a href=""http://twitter.com/download/android"" rel=""nofollow"">Twitter for Android</a>","Malex_GG",9,TRUE,FALSE,NA,NA
"179","RT @secap_ec: Karla Sánchez es locutora en radio @MetroStereo, ella aplicó a la certificación en el sector comunicación #CertificamosTuExpe…",FALSE,0,NA,2017-07-05 01:34:28,FALSE,NA,"882412328918110208",NA,"<a href=""http://twitter.com/download/android"" rel=""nofollow"">Twitter for Android</a>","TamaraMerizalde",22,TRUE,FALSE,NA,NA
"180","RT @Teff_Palacios: Los invito a leer lo que escribí esta semana sobre Kurt para @MetroStereo <ed><U+00A0><U+00BE><ed><U+00B4><U+0098><ed><U+00A0><U+00BC><ed><U+00BF><U+00BE><ed><U+00A0><U+00BC><ed><U+00BE><U+00A8><ed><U+00A0><U+00BC><ed><U+00BE><U+00B6><ed><U+00A0><U+00BD><ed><U+00B9><U+0082>https://t.co/Qy6HmwOlrQ",FALSE,0,NA,2017-07-05 01:23:22,FALSE,NA,"882409535092256768",NA,"<a href=""http://twitter.com"" rel=""nofollow"">Twitter Web Client</a>","susana8gonzalez",9,TRUE,FALSE,NA,NA
"181","Los invito a leer lo que escribí esta semana sobre Kurt para @MetroStereo <ed><U+00A0><U+00BE><ed><U+00B4><U+0098><ed><U+00A0><U+00BC><ed><U+00BF><U+00BE><ed><U+00A0><U+00BC><ed><U+00BE><U+00A8><ed><U+00A0><U+00BC><ed><U+00BE><U+00B6><ed><U+00A0><U+00BD><ed><U+00B9><U+0082>https://t.co/Qy6HmwOlrQ",FALSE,19,NA,2017-07-05 01:16:53,FALSE,NA,"882407905068281856",NA,"<a href=""http://twitter.com/download/iphone"" rel=""nofollow"">Twitter for iPhone</a>","Teff_Palacios",9,FALSE,FALSE,NA,NA
"182","@MetroStereo pueden poner #DevuélvemeElCorazón de @SebastianYatra por favor @SebastianYatraE @GomiTwiin @andradedirak cc @UniversalMusicE",FALSE,1,"MetroStereo",2017-07-05 01:13:03,FALSE,NA,"882406939430445057","159342762","<a href=""https://mobile.twitter.com"" rel=""nofollow"">Twitter Lite</a>","Majo_Balarezo8",0,FALSE,FALSE,NA,NA
"183","RT @secap_ec: Karla Sánchez es locutora en radio @MetroStereo, ella aplicó a la certificación en el sector comunicación #CertificamosTuExpe…",FALSE,0,NA,2017-07-05 00:48:11,FALSE,NA,"882400680731955201",NA,"<a href=""http://twitter.com/download/iphone"" rel=""nofollow"">Twitter for iPhone</a>","ArmandoSegovia5",22,TRUE,FALSE,NA,NA
"184","RT @secap_ec: Karla Sánchez es locutora en radio @MetroStereo, ella aplicó a la certificación en el sector comunicación #CertificamosTuExpe…",FALSE,0,NA,2017-07-05 00:14:14,FALSE,NA,"882392138604056577",NA,"<a href=""http://twitter.com"" rel=""nofollow"">Twitter Web Client</a>","clbeltran08bsc",22,TRUE,FALSE,NA,NA
"185","Aquí los detalles <U+25B6> https://t.co/NlY1HklfwL",FALSE,3,NA,2017-07-04 23:53:58,FALSE,NA,"882387036778450944",NA,"<a href=""http://twitter.com"" rel=""nofollow"">Twitter Web Client</a>","MetroStereo",1,FALSE,FALSE,NA,NA
"186","RT @revesecuador: #Limón sonando en la @MetroStereo <ed><U+00A0><U+00BE><ed><U+00B4><U+0098><ed><U+00A0><U+00BC><ed><U+00BF><U+00BC>Llama, pide, y escúchanos @jhonnycanars",FALSE,0,NA,2017-07-04 23:40:52,FALSE,NA,"882383740479180800",NA,"<a href=""http://twitter.com/download/iphone"" rel=""nofollow"">Twitter for iPhone</a>","eddyzum",1,TRUE,FALSE,NA,NA
"187","RT @secap_ec: Karla Sánchez es locutora en radio @MetroStereo, ella aplicó a la certificación en el sector comunicación #CertificamosTuExpe…",FALSE,0,NA,2017-07-04 23:19:27,FALSE,NA,"882378353017270272",NA,"<a href=""http://twitter.com/download/android"" rel=""nofollow"">Twitter for Android</a>","RoblesRand",22,TRUE,FALSE,NA,NA
"188","@KarlyCode @secap_ec @MetroStereo @PatricioCamino @MinTrabajoEc @raulclementelh @CordicomEc @TamaraMerizalde Felicidades!",FALSE,2,"KarlyCode",2017-07-04 23:01:12,FALSE,"882370932748234752","882373757393936384","211427327","<a href=""http://twitter.com/download/iphone"" rel=""nofollow"">Twitter for iPhone</a>","pauli_mogrovejo",0,FALSE,FALSE,NA,NA
"189","@secap_ec @KarlyCode @MetroStereo @PatricioCamino @MinTrabajoEc @raulclementelh @CordicomEc @pauli_mogrovejo… https://t.co/4jojJm6zQY",FALSE,0,"secap_ec",2017-07-04 23:00:56,TRUE,"882338715485569024","882373692923273216","377573929","<a href=""http://twitter.com"" rel=""nofollow"">Twitter Web Client</a>","HD_Galarza",0,FALSE,FALSE,NA,NA
"190","@secap_ec @MetroStereo @PatricioCamino @MinTrabajoEc @raulclementelh @CordicomEc @pauli_mogrovejo @TamaraMerizalde… https://t.co/tliJykrmJU",FALSE,5,"secap_ec",2017-07-04 22:53:57,TRUE,"882338715485569024","882371935992205312","377573929","<a href=""http://twitter.com/download/iphone"" rel=""nofollow"">Twitter for iPhone</a>","KarlyCode",1,FALSE,FALSE,NA,NA
"191","RT @secap_ec: Karla Sánchez es locutora en radio @MetroStereo, ella aplicó a la certificación en el sector comunicación #CertificamosTuExpe…",FALSE,0,NA,2017-07-04 22:50:10,FALSE,NA,"882370980542394368",NA,"<a href=""http://twitter.com/download/iphone"" rel=""nofollow"">Twitter for iPhone</a>","KarlyCode",22,TRUE,FALSE,NA,NA
"192","@secap_ec @MetroStereo @PatricioCamino @MinTrabajoEc @raulclementelh @CordicomEc @pauli_mogrovejo @TamaraMerizalde… https://t.co/tPPs15OURk",FALSE,6,"secap_ec",2017-07-04 22:49:58,TRUE,"882338715485569024","882370932748234752","377573929","<a href=""http://twitter.com/download/iphone"" rel=""nofollow"">Twitter for iPhone</a>","KarlyCode",0,FALSE,FALSE,NA,NA
"193","RT @secap_ec: Karla Sánchez es locutora en radio @MetroStereo, ella aplicó a la certificación en el sector comunicación #CertificamosTuExpe…",FALSE,0,NA,2017-07-04 22:35:12,FALSE,NA,"882367215764463617",NA,"<a href=""http://twitter.com/download/android"" rel=""nofollow"">Twitter for Android</a>","QuelalG",22,TRUE,FALSE,NA,NA
"194","RT @secap_ec: Karla Sánchez es locutora en radio @MetroStereo, ella aplicó a la certificación en el sector comunicación #CertificamosTuExpe…",FALSE,0,NA,2017-07-04 21:41:00,FALSE,NA,"882353577225850885",NA,"<a href=""http://twitter.com"" rel=""nofollow"">Twitter Web Client</a>","b_psauca",22,TRUE,FALSE,NA,NA
"195","RT @secap_ec: Karla Sánchez es locutora en radio @MetroStereo, ella aplicó a la certificación en el sector comunicación #CertificamosTuExpe…",FALSE,0,NA,2017-07-04 21:37:34,FALSE,NA,"882352713316564994",NA,"<a href=""http://twitter.com/download/android"" rel=""nofollow"">Twitter for Android</a>","luiscartuchem",22,TRUE,FALSE,NA,NA
"196","RT @secap_ec: Karla Sánchez es locutora en radio @MetroStereo, ella aplicó a la certificación en el sector comunicación #CertificamosTuExpe…",FALSE,0,NA,2017-07-04 21:08:04,FALSE,NA,"882345285938294785",NA,"<a href=""http://twitter.com"" rel=""nofollow"">Twitter Web Client</a>","CordicomEc",22,TRUE,FALSE,NA,NA
"197","RT @secap_ec: Karla Sánchez es locutora en radio @MetroStereo, ella aplicó a la certificación en el sector comunicación #CertificamosTuExpe…",FALSE,0,NA,2017-07-04 20:58:21,FALSE,NA,"882342841879547904",NA,"<a href=""http://twitter.com/download/iphone"" rel=""nofollow"">Twitter for iPhone</a>","pauli_mogrovejo",22,TRUE,FALSE,NA,NA
"198","RT @secap_ec: Karla Sánchez es locutora en radio @MetroStereo, ella aplicó a la certificación en el sector comunicación #CertificamosTuExpe…",FALSE,0,NA,2017-07-04 20:45:59,FALSE,NA,"882339731664711680",NA,"<a href=""http://twitter.com"" rel=""nofollow"">Twitter Web Client</a>","MetroStereo",22,TRUE,FALSE,NA,NA
"199","RT @secap_ec: Karla Sánchez es locutora en radio @MetroStereo, ella aplicó a la certificación en el sector comunicación #CertificamosTuExpe…",FALSE,0,NA,2017-07-04 20:42:47,FALSE,NA,"882338925267886081",NA,"<a href=""http://twitter.com/download/android"" rel=""nofollow"">Twitter for Android</a>","raulclementelh",22,TRUE,FALSE,NA,NA
"200","Karla Sánchez es locutora en radio @MetroStereo, ella aplicó a la certificación en el sector comunicación… https://t.co/9UIwNMBKOk",FALSE,37,NA,2017-07-04 20:41:57,TRUE,NA,"882338715485569024",NA,"<a href=""http://twitter.com/download/iphone"" rel=""nofollow"">Twitter for iPhone</a>","secap_ec",22,FALSE,FALSE,NA,NA
"201","RT @MetroStereo: Se vienen tus favoritos de la mañana, disfrutas de @Jerome_Band con ""Dreamer"" y ""For Me"" en M2 del #Breakfast ft @Teff_Pal…",FALSE,0,NA,2017-07-04 19:52:06,FALSE,NA,"882326172352294914",NA,"<a href=""http://twitter.com/download/iphone"" rel=""nofollow"">Twitter for iPhone</a>","byronlp6",6,TRUE,FALSE,NA,NA
"202","#suena retorno en @MetroStereo",FALSE,4,NA,2017-07-04 19:51:03,FALSE,NA,"882325907628863488",NA,"<a href=""http://twitter.com/download/iphone"" rel=""nofollow"">Twitter for iPhone</a>","mamavudu",0,FALSE,FALSE,NA,NA
"203","RT @eddcob: @MetroStereo Saludos desde manta me encanta la metro siempre enlinea la metro es cool men",FALSE,0,NA,2017-07-04 19:43:24,FALSE,NA,"882323981784809472",NA,"<a href=""http://twitter.com"" rel=""nofollow"">Twitter Web Client</a>","MetroStereo",1,TRUE,FALSE,NA,NA
"204","RT @nonmindOfficial: Hoy en la PARADA No. 1 de tu #MetroTOP20 SOUL MACHINE la @MetroStereo con @KarlyCode. ¡lo logramos! #SoulMachineNumero…",FALSE,0,NA,2017-07-04 19:40:21,FALSE,NA,"882323211937087489",NA,"<a href=""http://twitter.com/download/iphone"" rel=""nofollow"">Twitter for iPhone</a>","DiegoTite",5,TRUE,FALSE,NA,NA
"205","@MetroStereo Saludos desde manta me encanta la metro siempre enlinea la metro es cool men",FALSE,2,"MetroStereo",2017-07-04 19:38:34,FALSE,NA,"882322762597097472","159342762","<a href=""http://twitter.com/download/android"" rel=""nofollow"">Twitter for Android</a>","eddcob",1,FALSE,FALSE,NA,NA
"206","RT @mabelmoya36: Chévere!!! @MetroStereo <ed><U+00A0><U+00BD><ed><U+00B1><U+008D><ed><U+00A0><U+00BD><ed><U+00B8><U+0089> https://t.co/NZDsMX8vwG",FALSE,0,NA,2017-07-04 19:30:33,FALSE,NA,"882320746642632704",NA,"<a href=""http://twitter.com/download/android"" rel=""nofollow"">Twitter for Android</a>","martinsalemcats",2,TRUE,FALSE,NA,NA
"207","@MetroStereo la mejor emisora, @KarlyCode puedes poner Scar tissue de Red Hot Chillipeppers ;D",FALSE,2,"MetroStereo",2017-07-04 18:59:44,FALSE,NA,"882312992754470913","159342762","<a href=""http://twitter.com/download/android"" rel=""nofollow"">Twitter for Android</a>","BryanPuga66",0,FALSE,FALSE,NA,NA
"208","RT @mabelmoya36: Chévere!!! @MetroStereo <ed><U+00A0><U+00BD><ed><U+00B1><U+008D><ed><U+00A0><U+00BD><ed><U+00B8><U+0089> https://t.co/NZDsMX8vwG",FALSE,0,NA,2017-07-04 18:35:15,FALSE,NA,"882306830256492545",NA,"<a href=""http://twitter.com/download/android"" rel=""nofollow"">Twitter for Android</a>","Jerome_Band",2,TRUE,FALSE,NA,NA
"209","Chévere!!! @MetroStereo <ed><U+00A0><U+00BD><ed><U+00B1><U+008D><ed><U+00A0><U+00BD><ed><U+00B8><U+0089> https://t.co/NZDsMX8vwG",FALSE,2,NA,2017-07-04 18:34:02,FALSE,NA,"882306524441399296",NA,"<a href=""http://twitter.com/download/android"" rel=""nofollow"">Twitter for Android</a>","mabelmoya36",2,FALSE,FALSE,NA,NA
"210","@MetroStereo https://t.co/678jHzImgI",FALSE,0,"MetroStereo",2017-07-04 17:15:37,FALSE,NA,"882286791901970432","159342762","<a href=""http://twitter.com"" rel=""nofollow"">Twitter Web Client</a>","SanKohn",0,FALSE,FALSE,NA,NA
"211","RT @secap_ec: Edwin Poveda lleva 19 años en la locución en radio @MetroStereo. Su habilidad la demostró en la práctica #CertificamosTuExper…",FALSE,0,NA,2017-07-04 17:06:34,FALSE,NA,"882284512935374848",NA,"<a href=""http://twitter.com"" rel=""nofollow"">Twitter Web Client</a>","PaulinaAngeles",10,TRUE,FALSE,NA,NA
"212","RT @MetroStereo: #LaMetroEsCool Que tu martes sea como un riff de #Dimebag <ed><U+00A0><U+00BE><ed><U+00B4><U+0098><ed><U+00A0><U+00BC><ed><U+00BF><U+00BE><ed><U+00A0><U+00BD><ed><U+00B8><U+0088>. Nos escucharemos de vuelta mañana con más del #Breakfast ft…",FALSE,0,NA,2017-07-04 14:23:26,FALSE,NA,"882243460190928896",NA,"<a href=""http://twitter.com"" rel=""nofollow"">Twitter Web Client</a>","clbeltran08bsc",1,TRUE,FALSE,NA,NA
"213","RT @MetroStereo: Se vienen tus favoritos de la mañana, disfrutas de @CanCanBanda con ""Caos"" y ""1 12 25"" en M2 del #Breakfast ft @Teff_Palac…",FALSE,0,NA,2017-07-04 14:23:20,FALSE,NA,"882243435171807236",NA,"<a href=""http://twitter.com"" rel=""nofollow"">Twitter Web Client</a>","clbeltran08bsc",1,TRUE,FALSE,NA,NA
"214","#LaMetroEsCool Que tu martes sea como un riff de #Dimebag <ed><U+00A0><U+00BE><ed><U+00B4><U+0098><ed><U+00A0><U+00BC><ed><U+00BF><U+00BE><ed><U+00A0><U+00BD><ed><U+00B8><U+0088>. Nos escucharemos de vuelta mañana con más del… https://t.co/q9YasTmu6u",FALSE,5,NA,2017-07-04 13:42:16,TRUE,NA,"882233099685416960",NA,"<a href=""http://twitter.com"" rel=""nofollow"">Twitter Web Client</a>","MetroStereo",1,FALSE,FALSE,NA,NA
"215","Se vienen tus favoritos de la mañana, disfrutas de @CanCanBanda con ""Caos"" y ""1 12 25"" en M2 del #Breakfast ft… https://t.co/Y2sMHgdqdr",FALSE,2,NA,2017-07-04 13:05:14,TRUE,NA,"882223777677012992",NA,"<a href=""http://twitter.com"" rel=""nofollow"">Twitter Web Client</a>","MetroStereo",1,FALSE,FALSE,NA,NA
"216","RT @erickjm14: @secap_ec @MetroStereo @PatricioCamino @MinTrabajoEc @raulclementelh @vagonalt Congratulations Edwin!!!! <U+263A> Long live The Met…",FALSE,0,NA,2017-07-04 12:10:09,FALSE,NA,"882209915862790144",NA,"<a href=""http://twitter.com/download/android"" rel=""nofollow"">Twitter for Android</a>","vagonalt",1,TRUE,FALSE,NA,NA
"217","RT @mabelmoya36: @MetroStereo @IncubusBand @Teff_Palacios Excelente día!!! <ed><U+00A0><U+00BD><ed><U+00B8><U+0089><ed><U+00A0><U+00BD><ed><U+00B8><U+0089><ed><U+00A0><U+00BD><ed><U+00B8><U+0099><ed><U+00A0><U+00BD><ed><U+00B8><U+0099>",FALSE,0,NA,2017-07-04 11:59:25,FALSE,NA,"882207215104516096",NA,"<a href=""http://twitter.com"" rel=""nofollow"">Twitter Web Client</a>","MetroStereo",1,TRUE,FALSE,NA,NA
"218","@MetroStereo @IncubusBand @Teff_Palacios Excelente día!!! <ed><U+00A0><U+00BD><ed><U+00B8><U+0089><ed><U+00A0><U+00BD><ed><U+00B8><U+0089><ed><U+00A0><U+00BD><ed><U+00B8><U+0099><ed><U+00A0><U+00BD><ed><U+00B8><U+0099>",FALSE,1,"MetroStereo",2017-07-04 11:57:07,FALSE,"882198953986535424","882206635317506049","159342762","<a href=""http://twitter.com/download/android"" rel=""nofollow"">Twitter for Android</a>","mabelmoya36",1,FALSE,FALSE,NA,NA
"219","Llega tu momento de votar en el Vs <ed><U+00A0><U+00BE><ed><U+00B4><U+009C><ed><U+00A0><U+00BC><ed><U+00BF><U+00BE><ed><U+00A0><U+00BE><ed><U+00B4><U+009B><ed><U+00A0><U+00BC><ed><U+00BF><U+00BE> de #SonidosTricolor<ed><U+00A0><U+00BC><ed><U+00B7><U+00AA><ed><U+00A0><U+00BC><ed><U+00B7><U+00A8> x @biornborg o @CanCanBanda para un M2 en tu #Breakfast ft @Teff_Palacios",FALSE,0,NA,2017-07-04 11:38:39,FALSE,NA,"882201987831537665",NA,"<a href=""http://twitter.com"" rel=""nofollow"">Twitter Web Client</a>","MetroStereo",1,FALSE,FALSE,NA,NA
"220","<U+26A1><U+FE0F>Cool Morning<U+26A1><U+FE0F> Llega @IncubusBand arrancando tu martes en un nuevo #Breakfast ft @Teff_Palacios <ed><U+00A0><U+00BE><ed><U+00B4><U+0098><ed><U+00A0><U+00BC><ed><U+00BF><U+00BE><ed><U+00A0><U+00BD><ed><U+00B8><U+008E> #GoodVibes https://t.co/oVpMBPskbp",FALSE,4,NA,2017-07-04 11:26:35,FALSE,NA,"882198953986535424",NA,"<a href=""http://twitter.com"" rel=""nofollow"">Twitter Web Client</a>","MetroStereo",2,FALSE,FALSE,NA,NA
"221","RT @claudiomartino: Gracias a todos por participar de la encuesta MetroStereo
Mañana la seguimos. Da para largo el tema.
Mientras, hacete u…",FALSE,0,NA,2017-07-04 03:07:41,FALSE,NA,"882073400113606660",NA,"<a href=""http://www.twitter.com"" rel=""nofollow"">Twitter for Windows Phone</a>","MorenoIlde",1,TRUE,FALSE,NA,NA
"222","Gracias a todos por participar de la encuesta MetroStereo
Mañana la seguimos. Da para largo el tema.
Mientras, hace… https://t.co/oShNOg7DPJ",FALSE,3,NA,2017-07-04 02:58:52,TRUE,NA,"882071180647297024",NA,"<a href=""https://about.twitter.com/products/tweetdeck"" rel=""nofollow"">TweetDeck</a>","claudiomartino",1,FALSE,FALSE,NA,NA
"223","RT @secap_ec: Edwin Poveda lleva 19 años en la locución en radio @MetroStereo. Su habilidad la demostró en la práctica #CertificamosTuExper…",FALSE,0,NA,2017-07-04 02:32:22,FALSE,NA,"882064514933563392",NA,"<a href=""http://twitter.com"" rel=""nofollow"">Twitter Web Client</a>","clbeltran08bsc",10,TRUE,FALSE,NA,NA
"224","RT @MetroStereo: ""Make Some Noise"" <ed><U+00A0><U+00BC><ed><U+00BE><U+00A7><ed><U+00A0><U+00BD><ed><U+00B2><U+00A5> junto a los #BeastieBoys <U+270C><ed><U+00A0><U+00BC><ed><U+00BF><U+00BE> despidiendo tu #Breakfast ft @Teff_Palacios. Excelente lunes chicos. #LaM…",FALSE,0,NA,2017-07-04 02:32:11,FALSE,NA,"882064467110002689",NA,"<a href=""http://twitter.com"" rel=""nofollow"">Twitter Web Client</a>","clbeltran08bsc",1,TRUE,FALSE,NA,NA
"225","RT @MetroStereo: Se vienen tus favoritos de la mañana, disfrutas de @Jerome_Band con ""Dreamer"" y ""For Me"" en M2 del #Breakfast ft @Teff_Pal…",FALSE,0,NA,2017-07-04 02:31:50,FALSE,NA,"882064378509631489",NA,"<a href=""http://twitter.com"" rel=""nofollow"">Twitter Web Client</a>","clbeltran08bsc",6,TRUE,FALSE,NA,NA
"226","RT @nonmindOfficial: Hoy en la PARADA No. 1 de tu #MetroTOP20 SOUL MACHINE la @MetroStereo con @KarlyCode. ¡lo logramos! #SoulMachineNumero…",FALSE,0,NA,2017-07-04 02:31:25,FALSE,NA,"882064275363299328",NA,"<a href=""http://twitter.com"" rel=""nofollow"">Twitter Web Client</a>","clbeltran08bsc",5,TRUE,FALSE,NA,NA
"227","#Limón sonando en la @MetroStereo <ed><U+00A0><U+00BE><ed><U+00B4><U+0098><ed><U+00A0><U+00BC><ed><U+00BF><U+00BC>Llama, pide, y escúchanos @jhonnycanars",FALSE,2,NA,2017-07-04 00:34:26,FALSE,NA,"882034835690323968",NA,"<a href=""http://twitter.com/download/iphone"" rel=""nofollow"">Twitter for iPhone</a>","revesecuador",1,FALSE,FALSE,NA,NA
"228","@MetroStereo pueden poner #DevuélvemeElCorazón de @SebastianYatra por favor @SebastianYatraE @GomiTwiin @andradedirak cc @UniversalMusicE",FALSE,0,"MetroStereo",2017-07-04 00:34:15,FALSE,NA,"882034789355851776","159342762","<a href=""https://mobile.twitter.com"" rel=""nofollow"">Twitter Lite</a>","Majo_Balarezo8",0,FALSE,FALSE,NA,NA
"229","@secap_ec @MetroStereo @PatricioCamino @MinTrabajoEc @raulclementelh @vagonalt Congratulations Edwin!!!! <U+263A> Long live The Metro",FALSE,1,"secap_ec",2017-07-04 00:17:24,FALSE,"881899676575952896","882030547119329280","377573929","<a href=""http://twitter.com/download/android"" rel=""nofollow"">Twitter for Android</a>","erickjm14",1,FALSE,FALSE,NA,NA
"230","Mira cómo será esta despedida aquí <ed><U+00A0><U+00BE><ed><U+00B4><U+0098> <U+27A4> https://t.co/h7CogJamsk",FALSE,5,NA,2017-07-03 23:55:41,FALSE,NA,"882025081228185602",NA,"<a href=""http://twitter.com"" rel=""nofollow"">Twitter Web Client</a>","MetroStereo",3,FALSE,FALSE,NA,NA
"231","RT @claudiomartino: Encuesta #MetroStereo:
¿Cuál es tu lento preferido de los 70/80? https://t.co/u1C7H6H4rO",FALSE,0,NA,2017-07-03 23:39:09,FALSE,NA,"882020920969371651",NA,"<a href=""http://twitter.com/download/android"" rel=""nofollow"">Twitter for Android</a>","zeballosbea",7,TRUE,FALSE,NA,NA
"232","RT @MetroStereo: Se vienen tus favoritos de la mañana, disfrutas de @Jerome_Band con ""Dreamer"" y ""For Me"" en M2 del #Breakfast ft @Teff_Pal…",FALSE,0,NA,2017-07-03 23:31:27,FALSE,NA,"882018983544844290",NA,"<a href=""http://twitter.com/download/android"" rel=""nofollow"">Twitter for Android</a>","zeti25",6,TRUE,FALSE,NA,NA
"233","RT @MetroStereo: <U+26A1><U+FE0F>Cool Morning<U+26A1><U+FE0F>Para tu lunes... #Np ""Twist of Cain"" by #Danzig desde su debut homónimo en tu #Breakfast ft @Teff_Palacios…",FALSE,0,NA,2017-07-03 19:56:26,FALSE,NA,"881964873818812420",NA,"<a href=""http://twitter.com/download/android"" rel=""nofollow"">Twitter for Android</a>","pedrazajoseluis",3,TRUE,FALSE,NA,NA
"234","RT @nonmindOfficial: #SoulMachineNumero1 en tu Radio con actitud @MetroStereo! #FelizSabado. Juanfa+Mano+Sebas+Oscar https://t.co/AlNEicWisI",FALSE,0,NA,2017-07-03 19:14:25,FALSE,NA,"881954300175495173",NA,"<a href=""http://twitter.com"" rel=""nofollow"">Twitter Web Client</a>","SantyKjas",1,TRUE,FALSE,NA,NA
"235","Escucha a nuestro tema promocional ·#SoulMachineNumero1 por tu Radio ""Metro Stereo"" (Ecuador) ahora! @MetroStereo https://t.co/s6JROCirMz",FALSE,2,NA,2017-07-03 19:00:47,FALSE,NA,"881950869071298560",NA,"<a href=""http://www.facebook.com/twitter"" rel=""nofollow"">Facebook</a>","nonmindOfficial",0,FALSE,FALSE,NA,NA
"236","Hola Karly @KarlyCode @MetroStereo puedes poner algo de Children Of Bodom porfa, linda tarde.",FALSE,1,NA,2017-07-03 18:52:28,FALSE,NA,"881948777145393155",NA,"<a href=""http://twitter.com/download/iphone"" rel=""nofollow"">Twitter for iPhone</a>","FanoMaggotLDU",0,FALSE,FALSE,NA,NA
"237","RT @claudiomartino: Encuesta #MetroStereo:
¿Cuál es tu lento preferido de los 70/80? https://t.co/u1C7H6H4rO",FALSE,0,NA,2017-07-03 18:26:13,FALSE,NA,"881942167203303424",NA,"<a href=""http://www.tweetcaster.com"" rel=""nofollow"">TweetCaster for Android</a>","AndreaMscolo",7,TRUE,FALSE,NA,NA
"238","RT @secap_ec: Edwin Poveda lleva 19 años en la locución en radio @MetroStereo. Su habilidad la demostró en la práctica #CertificamosTuExper…",FALSE,0,NA,2017-07-03 17:48:37,FALSE,NA,"881932706560585733",NA,"<a href=""http://twitter.com"" rel=""nofollow"">Twitter Web Client</a>","GianeAguilarA",10,TRUE,FALSE,NA,NA
"239","RT @secap_ec: Edwin Poveda lleva 19 años en la locución en radio @MetroStereo. Su habilidad la demostró en la práctica #CertificamosTuExper…",FALSE,0,NA,2017-07-03 17:23:03,FALSE,NA,"881926271936188416",NA,"<a href=""http://twitter.com"" rel=""nofollow"">Twitter Web Client</a>","b_psauca",10,TRUE,FALSE,NA,NA
"240","RT @secap_ec: Edwin Poveda lleva 19 años en la locución en radio @MetroStereo. Su habilidad la demostró en la práctica #CertificamosTuExper…",FALSE,0,NA,2017-07-03 17:00:27,FALSE,NA,"881920587421155328",NA,"<a href=""http://twitter.com/download/android"" rel=""nofollow"">Twitter for Android</a>","luiscartuchem",10,TRUE,FALSE,NA,NA
"241","RT @secap_ec: Edwin Poveda lleva 19 años en la locución en radio @MetroStereo. Su habilidad la demostró en la práctica #CertificamosTuExper…",FALSE,0,NA,2017-07-03 16:19:22,FALSE,NA,"881910246553288704",NA,"<a href=""http://twitter.com/download/android"" rel=""nofollow"">Twitter for Android</a>","ArgotiPablo",10,TRUE,FALSE,NA,NA
"242","RT @secap_ec: Edwin Poveda lleva 19 años en la locución en radio @MetroStereo. Su habilidad la demostró en la práctica #CertificamosTuExper…",FALSE,0,NA,2017-07-03 16:17:12,FALSE,NA,"881909699423109122",NA,"<a href=""http://twitter.com"" rel=""nofollow"">Twitter Web Client</a>","MetroStereo",10,TRUE,FALSE,NA,NA
"243","RT @claudiomartino: Encuesta #MetroStereo:
¿Cuál es tu lento preferido de los 70/80? https://t.co/u1C7H6H4rO",FALSE,0,NA,2017-07-03 15:52:02,FALSE,NA,"881903366141562880",NA,"<a href=""http://twitter.com/download/android"" rel=""nofollow"">Twitter for Android</a>","Majose10D",7,TRUE,FALSE,NA,NA
"244","RT @secap_ec: Edwin Poveda lleva 19 años en la locución en radio @MetroStereo. Su habilidad la demostró en la práctica #CertificamosTuExper…",FALSE,0,NA,2017-07-03 15:48:12,FALSE,NA,"881902403758559233",NA,"<a href=""http://twitter.com/download/android"" rel=""nofollow"">Twitter for Android</a>","ycalval",10,TRUE,FALSE,NA,NA
"245","RT @secap_ec: Edwin Poveda lleva 19 años en la locución en radio @MetroStereo. Su habilidad la demostró en la práctica #CertificamosTuExper…",FALSE,0,NA,2017-07-03 15:39:07,FALSE,NA,"881900118064156672",NA,"<a href=""http://twitter.com/download/android"" rel=""nofollow"">Twitter for Android</a>","vagonalt",10,TRUE,FALSE,NA,NA
"246","Edwin Poveda lleva 19 años en la locución en radio @MetroStereo. Su habilidad la demostró en la práctica… https://t.co/onAcWhmjVL",FALSE,15,NA,2017-07-03 15:37:22,TRUE,NA,"881899676575952896",NA,"<a href=""http://twitter.com/download/iphone"" rel=""nofollow"">Twitter for iPhone</a>","secap_ec",10,FALSE,FALSE,NA,NA
"247","RT @claudiomartino: Encuesta #MetroStereo:
¿Cuál es tu lento preferido de los 70/80? https://t.co/u1C7H6H4rO",FALSE,0,NA,2017-07-03 14:45:19,FALSE,NA,"881886577995264000",NA,"<a href=""https://about.twitter.com/products/tweetdeck"" rel=""nofollow"">TweetDeck</a>","elGendo87",7,TRUE,FALSE,NA,NA
"248","RT @claudiomartino: Encuesta #MetroStereo:
¿Cuál es tu lento preferido de los 70/80? https://t.co/u1C7H6H4rO",FALSE,0,NA,2017-07-03 14:34:19,FALSE,NA,"881883807711985664",NA,"<a href=""https://about.twitter.com/products/tweetdeck"" rel=""nofollow"">TweetDeck</a>","Fabeluke",7,TRUE,FALSE,NA,NA
"249","RT @claudiomartino: Encuesta #MetroStereo:
¿Cuál es tu lento preferido de los 70/80? https://t.co/u1C7H6H4rO",FALSE,0,NA,2017-07-03 14:31:46,FALSE,NA,"881883169385054208",NA,"<a href=""https://about.twitter.com/products/tweetdeck"" rel=""nofollow"">TweetDeck</a>","autopolitics",7,TRUE,FALSE,NA,NA
"250","Encuesta #MetroStereo:
¿Cuál es tu lento preferido de los 70/80? https://t.co/u1C7H6H4rO",FALSE,4,NA,2017-07-03 14:26:33,FALSE,NA,"881881856148484097",NA,"<a href=""http://twitter.com/download/android"" rel=""nofollow"">Twitter for Android</a>","claudiomartino",7,FALSE,FALSE,NA,NA
"251","Vamos con otra microencuesta #MetroStereo https://t.co/edYZRH87VX",FALSE,2,NA,2017-07-03 14:24:52,FALSE,NA,"881881430145421313",NA,"<a href=""http://twitter.com/download/android"" rel=""nofollow"">Twitter for Android</a>","claudiomartino",0,FALSE,FALSE,NA,NA
"252","RT @Jerome_Band: A levantarse con ganas en este semana! Que buena batalla con #Siq... <ed><U+00A0><U+00BD><ed><U+00B8><U+0088><ed><U+00A0><U+00BD><ed><U+00B8><U+0088><ed><U+00A0><U+00BD><ed><U+00B8><U+0088>abrazo fuerte!! @MetroStereo @Teff_Palacios <ed><U+00A0><U+00BD><ed><U+00B4><U+00A5><ed><U+00A0><U+00BD><ed><U+00B4><U+00A5><ed><U+00A0><U+00BD><ed><U+00B4><U+00A5>#Go…",FALSE,0,NA,2017-07-03 14:19:19,FALSE,NA,"881880032871841792",NA,"<a href=""http://twitter.com/download/android"" rel=""nofollow"">Twitter for Android</a>","Bobby_Chum",4,TRUE,FALSE,NA,NA
"253","""Make Some Noise"" <ed><U+00A0><U+00BC><ed><U+00BE><U+00A7><ed><U+00A0><U+00BD><ed><U+00B2><U+00A5> junto a los #BeastieBoys <U+270C><ed><U+00A0><U+00BC><ed><U+00BF><U+00BE> despidiendo tu #Breakfast ft @Teff_Palacios. Excelente lunes chico… https://t.co/sdDu5JE6pW",FALSE,3,NA,2017-07-03 13:53:46,TRUE,NA,"881873605268824065",NA,"<a href=""http://twitter.com"" rel=""nofollow"">Twitter Web Client</a>","MetroStereo",1,FALSE,FALSE,NA,NA
"254","RT @mabelmoya36: @MetroStereo  @Teff_Palacios 
Besos Preciosa!!! <ed><U+00A0><U+00BD><ed><U+00B8><U+0099><ed><U+00A0><U+00BD><ed><U+00B8><U+0099><ed><U+00A0><U+00BD><ed><U+00B8><U+0099>",FALSE,0,NA,2017-07-03 13:49:06,FALSE,NA,"881872431933214720",NA,"<a href=""http://twitter.com"" rel=""nofollow"">Twitter Web Client</a>","MetroStereo",1,TRUE,FALSE,NA,NA
"255","@MetroStereo  @Teff_Palacios 
Besos Preciosa!!! <ed><U+00A0><U+00BD><ed><U+00B8><U+0099><ed><U+00A0><U+00BD><ed><U+00B8><U+0099><ed><U+00A0><U+00BD><ed><U+00B8><U+0099>",FALSE,3,"MetroStereo",2017-07-03 13:48:43,FALSE,NA,"881872333971042304","159342762","<a href=""http://twitter.com/download/android"" rel=""nofollow"">Twitter for Android</a>","mabelmoya36",1,FALSE,FALSE,NA,NA
"256","@MetroStereo Lunes empezamos la semana con LOVE AGAIN de @djkalibro  y #AntonellaPonce #Dance #Ecuador",FALSE,1,"MetroStereo",2017-07-03 13:44:34,FALSE,NA,"881871288326914048","159342762","<a href=""http://twitter.com/download/android"" rel=""nofollow"">Twitter for Android</a>","BoomGlobalMusic",0,FALSE,FALSE,NA,NA
"257","RT @mabelmoya36: @MetroStereo @Jerome_Band @Teff_Palacios  https://t.co/A47UJ8Yj3c",FALSE,0,NA,2017-07-03 13:39:13,FALSE,NA,"881869941816918016",NA,"<a href=""http://twitter.com"" rel=""nofollow"">Twitter Web Client</a>","MetroStereo",2,TRUE,FALSE,NA,NA
"258","RT @mabelmoya36: @MetroStereo @Jerome_Band @Teff_Palacios  https://t.co/A47UJ8Yj3c",FALSE,0,NA,2017-07-03 13:38:16,FALSE,NA,"881869706029912064",NA,"<a href=""http://twitter.com/download/android"" rel=""nofollow"">Twitter for Android</a>","Jerome_Band",2,TRUE,FALSE,NA,NA
"259","@MetroStereo @Jerome_Band @Teff_Palacios  https://t.co/A47UJ8Yj3c",FALSE,2,"MetroStereo",2017-07-03 13:37:44,FALSE,"881860089937887235","881869569559842817","159342762","<a href=""http://twitter.com/download/android"" rel=""nofollow"">Twitter for Android</a>","mabelmoya36",2,FALSE,FALSE,NA,NA
"260","RT @FanoMaggotLDU: No hay mejor forma de iniciar el día que escuchando a la @MetroStereo junto con la increíble @Teff_Palacios <ed><U+00A0><U+00BE><ed><U+00B4><U+0098><ed><U+00A0><U+00BC><ed><U+00BF><U+00BC>",FALSE,0,NA,2017-07-03 13:33:21,FALSE,NA,"881868464985706496",NA,"<a href=""http://twitter.com"" rel=""nofollow"">Twitter Web Client</a>","MetroStereo",1,TRUE,FALSE,NA,NA
"261","RT @Hardblues6: @MetroStereo buen día y saludos desde Cuenca ....algo de Blaze x favor ..  gracias y el mejor día para uds ¡¡ la Metro ¡¡",FALSE,0,NA,2017-07-03 13:33:14,FALSE,NA,"881868439207501825",NA,"<a href=""http://twitter.com"" rel=""nofollow"">Twitter Web Client</a>","MetroStereo",1,TRUE,FALSE,NA,NA
"262","RT @MetroStereo: Se vienen tus favoritos de la mañana, disfrutas de @Jerome_Band con ""Dreamer"" y ""For Me"" en M2 del #Breakfast ft @Teff_Pal…",FALSE,0,NA,2017-07-03 13:30:51,FALSE,NA,"881867838990036992",NA,"<a href=""http://twitter.com/download/android"" rel=""nofollow"">Twitter for Android</a>","mabelmoya36",6,TRUE,FALSE,NA,NA
"263","@MetroStereo buen día y saludos desde Cuenca ....algo de Blaze x favor ..  gracias y el mejor día para uds ¡¡ la Metro ¡¡",FALSE,1,"MetroStereo",2017-07-03 13:29:08,FALSE,NA,"881867407182237697","159342762","<a href=""http://twitter.com/download/android"" rel=""nofollow"">Twitter for Android</a>","Hardblues6",1,FALSE,FALSE,NA,NA
"264","RT @MetroStereo: <U+26A1><U+FE0F>Cool Morning Chicos<U+26A1><U+FE0F> #MiércolesDeClásicos<ed><U+00A0><U+00BD><ed><U+00B2><U+00BD> para recordar a Bush con ""Mouth"" del 97, en tu #Breakfast ft @Teff_Palacios…",FALSE,0,NA,2017-07-03 13:28:48,FALSE,NA,"881867321425276933",NA,"<a href=""http://twitter.com/download/android"" rel=""nofollow"">Twitter for Android</a>","zambodavid210",4,TRUE,FALSE,NA,NA
"265","No hay mejor forma de iniciar el día que escuchando a la @MetroStereo junto con la increíble @Teff_Palacios <ed><U+00A0><U+00BE><ed><U+00B4><U+0098><ed><U+00A0><U+00BC><ed><U+00BF><U+00BC>",FALSE,3,NA,2017-07-03 13:25:54,FALSE,NA,"881866590630891521",NA,"<a href=""http://twitter.com/download/iphone"" rel=""nofollow"">Twitter for iPhone</a>","FanoMaggotLDU",1,FALSE,FALSE,NA,NA
"266","RT @MetroStereo: Se vienen tus favoritos de la mañana, disfrutas de @Jerome_Band con ""Dreamer"" y ""For Me"" en M2 del #Breakfast ft @Teff_Pal…",FALSE,0,NA,2017-07-03 13:03:26,FALSE,NA,"881860938181332996",NA,"<a href=""http://twitter.com/download/android"" rel=""nofollow"">Twitter for Android</a>","Jerome_Band",6,TRUE,FALSE,NA,NA
"267","Se vienen tus favoritos de la mañana, disfrutas de @Jerome_Band con ""Dreamer"" y ""For Me"" en M2 del #Breakfast ft… https://t.co/bzJ3MUOhkm",FALSE,11,NA,2017-07-03 13:00:04,TRUE,NA,"881860089937887235",NA,"<a href=""http://twitter.com"" rel=""nofollow"">Twitter Web Client</a>","MetroStereo",6,FALSE,FALSE,NA,NA
"268","@MetroStereo saludos desde NewYork, trabajando pero no los escucho por TuneIn hace días arréglenlo por favor gracias.",FALSE,1,"MetroStereo",2017-07-03 12:45:12,FALSE,NA,"881856347540774912","159342762","<a href=""http://twitter.com/download/iphone"" rel=""nofollow"">Twitter for iPhone</a>","ArmandoSegovia5",0,FALSE,FALSE,NA,NA
"269","RT @mabelmoya36: A votar gente!!! Vamos @Jerome_Band <ed><U+00A0><U+00BD><ed><U+00B8><U+0089><ed><U+00A0><U+00BD><ed><U+00B8><U+0089><ed><U+00A0><U+00BD><ed><U+00B8><U+008E><ed><U+00A0><U+00BD><ed><U+00B8><U+008E> https://t.co/SWZHVFLcKO",FALSE,0,NA,2017-07-03 12:30:22,FALSE,NA,"881852617865015297",NA,"<a href=""http://twitter.com/download/android"" rel=""nofollow"">Twitter for Android</a>","zeti25",2,TRUE,FALSE,NA,NA
"270","RT @MetroStereo: <U+26A1><U+FE0F>Cool Morning<U+26A1><U+FE0F>Para tu lunes... #Np ""Twist of Cain"" by #Danzig desde su debut homónimo en tu #Breakfast ft @Teff_Palacios…",FALSE,0,NA,2017-07-03 12:18:51,FALSE,NA,"881849718829088768",NA,"<a href=""http://twitter.com/download/android"" rel=""nofollow"">Twitter for Android</a>","pedrosalvatie1",3,TRUE,FALSE,NA,NA
"271","RT @MetroStereo: <U+26A1><U+FE0F>Cool Morning<U+26A1><U+FE0F>Para tu lunes... #Np ""Twist of Cain"" by #Danzig desde su debut homónimo en tu #Breakfast ft @Teff_Palacios…",FALSE,0,NA,2017-07-03 12:17:22,FALSE,NA,"881849345267642368",NA,"<a href=""http://twitter.com/download/android"" rel=""nofollow"">Twitter for Android</a>","andrest86",3,TRUE,FALSE,NA,NA
"272","RT @mabelmoya36: A votar gente!!! Vamos @Jerome_Band <ed><U+00A0><U+00BD><ed><U+00B8><U+0089><ed><U+00A0><U+00BD><ed><U+00B8><U+0089><ed><U+00A0><U+00BD><ed><U+00B8><U+008E><ed><U+00A0><U+00BD><ed><U+00B8><U+008E> https://t.co/SWZHVFLcKO",FALSE,0,NA,2017-07-03 12:12:15,FALSE,NA,"881848058761314304",NA,"<a href=""http://twitter.com/download/android"" rel=""nofollow"">Twitter for Android</a>","Jerome_Band",2,TRUE,FALSE,NA,NA
"273","A votar gente!!! Vamos @Jerome_Band <ed><U+00A0><U+00BD><ed><U+00B8><U+0089><ed><U+00A0><U+00BD><ed><U+00B8><U+0089><ed><U+00A0><U+00BD><ed><U+00B8><U+008E><ed><U+00A0><U+00BD><ed><U+00B8><U+008E> https://t.co/SWZHVFLcKO",FALSE,3,NA,2017-07-03 12:11:28,FALSE,NA,"881847861662580736",NA,"<a href=""http://twitter.com/download/android"" rel=""nofollow"">Twitter for Android</a>","mabelmoya36",2,FALSE,FALSE,NA,NA
"274","RT @Jerome_Band: A levantarse con ganas en este semana! Que buena batalla con #Siq... <ed><U+00A0><U+00BD><ed><U+00B8><U+0088><ed><U+00A0><U+00BD><ed><U+00B8><U+0088><ed><U+00A0><U+00BD><ed><U+00B8><U+0088>abrazo fuerte!! @MetroStereo @Teff_Palacios <ed><U+00A0><U+00BD><ed><U+00B4><U+00A5><ed><U+00A0><U+00BD><ed><U+00B4><U+00A5><ed><U+00A0><U+00BD><ed><U+00B4><U+00A5>#Go…",FALSE,0,NA,2017-07-03 12:11:02,FALSE,NA,"881847751755083777",NA,"<a href=""http://twitter.com/download/android"" rel=""nofollow"">Twitter for Android</a>","Reno_Reinoso",4,TRUE,FALSE,NA,NA
"275","RT @Jerome_Band: A levantarse con ganas en este semana! Que buena batalla con #Siq... <ed><U+00A0><U+00BD><ed><U+00B8><U+0088><ed><U+00A0><U+00BD><ed><U+00B8><U+0088><ed><U+00A0><U+00BD><ed><U+00B8><U+0088>abrazo fuerte!! @MetroStereo @Teff_Palacios <ed><U+00A0><U+00BD><ed><U+00B4><U+00A5><ed><U+00A0><U+00BD><ed><U+00B4><U+00A5><ed><U+00A0><U+00BD><ed><U+00B4><U+00A5>#Go…",FALSE,0,NA,2017-07-03 12:10:50,FALSE,NA,"881847701758935042",NA,"<a href=""http://twitter.com"" rel=""nofollow"">Twitter Web Client</a>","MetroStereo",4,TRUE,FALSE,NA,NA
"276","A levantarse con ganas en este semana! Que buena batalla con #Siq... <ed><U+00A0><U+00BD><ed><U+00B8><U+0088><ed><U+00A0><U+00BD><ed><U+00B8><U+0088><ed><U+00A0><U+00BD><ed><U+00B8><U+0088>abrazo fuerte!! @MetroStereo @Teff_Palacios… https://t.co/6OvlBmPAVN",FALSE,6,NA,2017-07-03 12:08:07,TRUE,NA,"881847016980193284",NA,"<a href=""http://twitter.com/download/android"" rel=""nofollow"">Twitter for Android</a>","Jerome_Band",4,FALSE,FALSE,NA,NA
"277","Llega tu momento de votar en el Vs <ed><U+00A0><U+00BE><ed><U+00B4><U+009C><ed><U+00A0><U+00BC><ed><U+00BF><U+00BE><ed><U+00A0><U+00BE><ed><U+00B4><U+009B><ed><U+00A0><U+00BC><ed><U+00BF><U+00BE> de #SonidosTricolor<ed><U+00A0><U+00BC><ed><U+00B7><U+00AA><ed><U+00A0><U+00BC><ed><U+00B7><U+00A8> x @Jerome_Band o #Siq para un M2 en tu #Breakfast ft @Teff_Palacios",FALSE,3,NA,2017-07-03 11:36:32,FALSE,NA,"881839070791569408",NA,"<a href=""http://twitter.com"" rel=""nofollow"">Twitter Web Client</a>","MetroStereo",4,FALSE,FALSE,NA,NA
"278","<U+26A1><U+FE0F>Cool Morning<U+26A1><U+FE0F>Para tu lunes... #Np ""Twist of Cain"" by #Danzig desde su debut homónimo en tu #Breakfast ft… https://t.co/c06GpQRFkb",FALSE,11,NA,2017-07-03 11:15:01,TRUE,NA,"881833655886381057",NA,"<a href=""http://twitter.com"" rel=""nofollow"">Twitter Web Client</a>","MetroStereo",3,FALSE,FALSE,NA,NA
"279","HOLA @MetroStereo Comparte último vídeo lyric de #QuizáSeTeOlvidó en  pág.FB oficial de @LuMirandamusic… https://t.co/0nr7H0ABYQ",FALSE,0,NA,2017-07-03 00:53:24,TRUE,NA,"881677219650830345",NA,"<a href=""http://twitter.com"" rel=""nofollow"">Twitter Web Client</a>","LuMirandaTeam",0,FALSE,FALSE,NA,NA
"280","RT @RockShoutFest: Y tú ¿a cuál localidad vas a ir? 
!Una cita con el rock imperdible! Entradas @Ticketshow Medios oficiales @MetroStereo @…",FALSE,0,NA,2017-07-03 00:22:11,FALSE,NA,"881669361903259648",NA,"<a href=""http://twitter.com/download/android"" rel=""nofollow"">Twitter for Android</a>","MosheEgas",1,TRUE,FALSE,NA,NA
"281","RT @nonmindOfficial: Hoy en la PARADA No. 1 de tu #MetroTOP20 SOUL MACHINE la @MetroStereo con @KarlyCode. ¡lo logramos! #SoulMachineNumero…",FALSE,0,NA,2017-07-02 15:53:32,FALSE,NA,"881541355662700544",NA,"<a href=""http://twitter.com/download/android"" rel=""nofollow"">Twitter for Android</a>","SantyKjas",5,TRUE,FALSE,NA,NA
"282","RT @faustoescobar4: @MetroStereo @gorillaz @Teff_Palacios buena musica del nuevo tema de gorrilaz",FALSE,0,NA,2017-07-02 10:18:42,FALSE,NA,"881457094406418437",NA,"<a href=""http://twitter.com"" rel=""nofollow"">Twitter Web Client</a>","RFXXd6hBdEu3GKc",6,TRUE,FALSE,NA,NA
"283","#suena túnel en @MetroStereo @vagonalt #sayce @sayceoficial",FALSE,0,NA,2017-07-02 01:39:54,FALSE,NA,"881326531477479425",NA,"<a href=""http://twitter.com/download/iphone"" rel=""nofollow"">Twitter for iPhone</a>","mamavudu",0,FALSE,FALSE,NA,NA
"284","RT @nonmindOfficial: Hoy escucha el #MetroTOP20 de tu Radio con actitud @MetroStereo con @KarlyCode. ¡Ayúdanos con tu voto a llegar a la ci…",FALSE,0,NA,2017-07-02 00:06:20,FALSE,NA,"881302987628523525",NA,"<a href=""http://twitter.com/download/android"" rel=""nofollow"">Twitter for Android</a>","YessicaAyo",4,TRUE,FALSE,NA,NA
"285","Nueva musica de Liam Gallagher suena ahorita aqui en El Vagon Alternativo @vagonalt",FALSE,1,NA,2017-07-01 23:35:27,FALSE,NA,"881295214505283588",NA,"<a href=""http://twitter.com"" rel=""nofollow"">Twitter Web Client</a>","MetroStereo",0,FALSE,FALSE,NA,NA
"286","The countdown continues 4 hours to go before I go live with another edition of El Vagon Alternativo at https://t.co/GFcxyzypUG  @MetroStereo",FALSE,1,NA,2017-07-01 19:10:52,FALSE,NA,"881228631925772288",NA,"<a href=""http://twitter.com/download/android"" rel=""nofollow"">Twitter for Android</a>","vagonalt",0,FALSE,FALSE,NA,NA
"287","RT @MetroStereo: Hoy el #M2 en el #MetroTOP20 junto a @KarlyCode es de @Minimmal con sus temas ""Bajo la Luz"" y ""Aucíname"" Dale Play <U+25B6><U+FE0F>https…",FALSE,0,NA,2017-07-01 15:22:08,FALSE,NA,"881171066609119232",NA,"<a href=""http://twitter.com/download/iphone"" rel=""nofollow"">Twitter for iPhone</a>","KarlyCode",1,TRUE,FALSE,NA,NA
"288","RT @KarlyCode: Empezó el #MetroTOP20 junto a @KarlyCode y las mejores canciones de tu radio con #actitud! Apoya a tu favorito, ellos son lo…",FALSE,0,NA,2017-07-01 14:33:11,FALSE,NA,"881158749502701568",NA,"<a href=""http://twitter.com/download/iphone"" rel=""nofollow"">Twitter for iPhone</a>","MetroStereo",5,TRUE,FALSE,NA,NA
